2026-08-10 11:00:07.634 +05:30 [INF] AutoMapper configuration validated successfully.
2026-08-10 11:00:09.372 +05:30 [INF] Executed DbCommand (17ms) [Parameters=[], CommandType='"Text"', CommandTimeout='30']
PRAGMA journal_mode = 'wal';
2026-08-10 11:00:09.570 +05:30 [INF] Executed DbCommand (0ms) [Parameters=[], CommandType='"Text"', CommandTimeout='30']
CREATE TABLE "AnalyticCategories" (
    "Id" INTEGER NOT NULL CONSTRAINT "PK_AnalyticCategories" PRIMARY KEY AUTOINCREMENT,
    "Name" TEXT NOT NULL,
    "Salary" TEXT NOT NULL,
    "CreatedAt" TEXT NOT NULL,
    "UpdatedAt" TEXT NULL,
    "IsDeleted" INTEGER NOT NULL
);
2026-08-10 11:00:09.572 +05:30 [INF] Executed DbCommand (0ms) [Parameters=[], CommandType='"Text"', CommandTimeout='30']
CREATE TABLE "AnalyticCompanies" (
    "Id" INTEGER NOT NULL CONSTRAINT "PK_AnalyticCompanies" PRIMARY KEY AUTOINCREMENT,
    "Name" TEXT NOT NULL,
    "EmpTypesJson" text NOT NULL,
    "CompType" TEXT NULL,
    "CreatedAt" TEXT NOT NULL,
    "UpdatedAt" TEXT NULL,
    "IsDeleted" INTEGER NOT NULL
);
2026-08-10 11:00:09.574 +05:30 [INF] Executed DbCommand (0ms) [Parameters=[], CommandType='"Text"', CommandTimeout='30']
CREATE TABLE "AppNotifications" (
    "Id" INTEGER NOT NULL CONSTRAINT "PK_AppNotifications" PRIMARY KEY AUTOINCREMENT,
    "Type" TEXT NOT NULL,
    "ClaimId" TEXT NULL,
    "Partner" TEXT NULL,
    "Amount" decimal(18,2) NULL,
    "TargetRole" TEXT NULL,
    "IsRead" INTEGER NOT NULL,
    "Icon" TEXT NULL,
    "Message" TEXT NULL,
    "TargetUserId" INTEGER NULL,
    "CreatedAt" TEXT NOT NULL,
    "UpdatedAt" TEXT NULL,
    "IsDeleted" INTEGER NOT NULL
);
2026-08-10 11:00:09.577 +05:30 [INF] Executed DbCommand (0ms) [Parameters=[], CommandType='"Text"', CommandTimeout='30']
CREATE TABLE "AppSettings" (
    "Id" INTEGER NOT NULL CONSTRAINT "PK_AppSettings" PRIMARY KEY AUTOINCREMENT,
    "Key" TEXT NOT NULL,
    "Value" TEXT NOT NULL,
    "Category" TEXT NULL,
    "UserId" INTEGER NULL,
    "CreatedAt" TEXT NOT NULL,
    "UpdatedAt" TEXT NULL,
    "IsDeleted" INTEGER NOT NULL
);
2026-08-10 11:00:09.581 +05:30 [INF] Executed DbCommand (0ms) [Parameters=[], CommandType='"Text"', CommandTimeout='30']
CREATE TABLE "AssignmentLogs" (
    "Id" INTEGER NOT NULL CONSTRAINT "PK_AssignmentLogs" PRIMARY KEY AUTOINCREMENT,
    "EntityType" TEXT NOT NULL,
    "EntityId" INTEGER NOT NULL,
    "FromUserId" INTEGER NULL,
    "FromUserName" TEXT NULL,
    "ToUserId" INTEGER NOT NULL,
    "ToUserName" TEXT NOT NULL,
    "AssignedByUserId" INTEGER NOT NULL,
    "AssignedByName" TEXT NULL,
    "Notes" TEXT NULL,
    "CreatedAt" TEXT NOT NULL
);
2026-08-10 11:00:09.587 +05:30 [INF] Executed DbCommand (0ms) [Parameters=[], CommandType='"Text"', CommandTimeout='30']
CREATE TABLE "AuditLogs" (
    "Id" INTEGER NOT NULL CONSTRAINT "PK_AuditLogs" PRIMARY KEY AUTOINCREMENT,
    "EntityName" TEXT NOT NULL,
    "Action" TEXT NOT NULL,
    "EntityId" TEXT NULL,
    "OldValues" TEXT NULL,
    "NewValues" TEXT NULL,
    "UserId" INTEGER NULL,
    "UserName" TEXT NULL,
    "IpAddress" TEXT NULL,
    "CreatedAt" TEXT NOT NULL
);
2026-08-10 11:00:09.591 +05:30 [INF] Executed DbCommand (0ms) [Parameters=[], CommandType='"Text"', CommandTimeout='30']
CREATE TABLE "Banks" (
    "Id" INTEGER NOT NULL CONSTRAINT "PK_Banks" PRIMARY KEY AUTOINCREMENT,
    "BankName" TEXT NOT NULL,
    "IfscPrefix" TEXT NULL,
    "EmpCode" TEXT NULL,
    "Location" TEXT NULL,
    "RmName" TEXT NULL,
    "RmMobile" TEXT NULL,
    "Email" TEXT NULL,
    "Remarks" TEXT NULL,
    "IsActive" INTEGER NOT NULL,
    "CreatedByUserId" INTEGER NULL,
    "IsIncred" INTEGER NOT NULL,
    "IsElite" INTEGER NOT NULL,
    "MinCibil" INTEGER NOT NULL,
    "AcceptNtc" INTEGER NOT NULL,
    "MaxLoanAmt" TEXT NOT NULL,
    "MinTenure" INTEGER NOT NULL,
    "MaxTenure" INTEGER NOT NULL,
    "FoirLimit" INTEGER NOT NULL,
    "PfRequired" INTEGER NOT NULL,
    "MinAge" INTEGER NOT NULL,
    "MaxAge" INTEGER NOT NULL,
    "MinExpMonths" INTEGER NOT NULL,
    "EmpTypesJson" text NOT NULL,
    "CompTypesJson" text NOT NULL,
    "CreatedAt" TEXT NOT NULL,
    "UpdatedAt" TEXT NULL,
    "IsDeleted" INTEGER NOT NULL
);
2026-08-10 11:00:09.594 +05:30 [INF] Executed DbCommand (0ms) [Parameters=[], CommandType='"Text"', CommandTimeout='30']
CREATE TABLE "BureauReports" (
    "Id" INTEGER NOT NULL CONSTRAINT "PK_BureauReports" PRIMARY KEY AUTOINCREMENT,
    "CustomerId" INTEGER NOT NULL,
    "BureauProvider" TEXT NOT NULL,
    "CreditScore" INTEGER NOT NULL,
    "RiskCategory" TEXT NOT NULL,
    "ScoreGeneratedDate" TEXT NOT NULL,
    "IsLiveScore" INTEGER NOT NULL,
    "EligibleForLoan" INTEGER NOT NULL,
    "RiskLevel" TEXT NOT NULL,
    "ApprovalProbability" INTEGER NOT NULL,
    "RiskGrade" TEXT NOT NULL,
    "BureauRiskScore" decimal(5,2) NOT NULL,
    "LendingRecommendation" TEXT NOT NULL,
    "FullName" TEXT NOT NULL,
    "DateOfBirth" TEXT NOT NULL,
    "Gender" TEXT NOT NULL,
    "PAN" TEXT NOT NULL,
    "AadhaarNumber" TEXT NOT NULL,
    "CKYCNumber" TEXT NOT NULL,
    "ControlNumber" TEXT NOT NULL,
    "OfficeNumber" TEXT NOT NULL,
    "OccupationType" TEXT NOT NULL,
    "AnnualIncome" decimal(18,2) NOT NULL,
    "TotalAccounts" INTEGER NOT NULL,
    "ActiveAccounts" INTEGER NOT NULL,
    "ClosedAccounts" INTEGER NOT NULL,
    "TotalSanctionAmount" decimal(18,2) NOT NULL,
    "CurrentOutstanding" decimal(18,2) NOT NULL,
    "OverdueAmount" decimal(18,2) NOT NULL,
    "SecuredLoanCount" INTEGER NOT NULL,
    "UnsecuredLoanCount" INTEGER NOT NULL,
    "OldestAccountDate" TEXT NOT NULL,
    "LatestAccountDate" TEXT NOT NULL,
    "RepaymentDisciplineScore" INTEGER NOT NULL,
    "DelinquencyFrequency" INTEGER NOT NULL,
    "AccountAge" INTEGER NOT NULL,
    "CreditMaturity" TEXT NOT NULL,
    "LoanClosureBehaviour" TEXT NOT NULL,
    "EnquiryCount30Days" INTEGER NOT NULL,
    "EnquiryCount90Days" INTEGER NOT NULL,
    "EnquiryCount12Months" INTEGER NOT NULL,
    "EnquiryCount24Months" INTEGER NOT NULL,
    "MostRecentEnquiryDate" TEXT NULL,
    "CreatedAt" TEXT NOT NULL,
    "UpdatedAt" TEXT NOT NULL,
    "SourceFile" TEXT NOT NULL,
    "IsActive" INTEGER NOT NULL
);
2026-08-10 11:00:09.596 +05:30 [INF] Executed DbCommand (0ms) [Parameters=[], CommandType='"Text"', CommandTimeout='30']
CREATE TABLE "Customers" (
    "Id" INTEGER NOT NULL CONSTRAINT "PK_Customers" PRIMARY KEY AUTOINCREMENT,
    "FullName" TEXT NOT NULL,
    "Email" TEXT NOT NULL,
    "Phone" TEXT NOT NULL,
    "PanNumber" TEXT NULL,
    "AadhaarNumber" TEXT NULL,
    "DateOfBirth" TEXT NULL,
    "Address" TEXT NULL,
    "City" TEXT NULL,
    "State" TEXT NULL,
    "PinCode" TEXT NULL,
    "MonthlyIncome" decimal(18,2) NULL,
    "MonthlyObligations" decimal(18,2) NULL,
    "EmploymentType" TEXT NULL,
    "CompanyName" TEXT NULL,
    "CibilScore" INTEGER NULL,
    "Gender" TEXT NULL,
    "FatherName" TEXT NULL,
    "ResidenceType" TEXT NULL,
    "CreatedAt" TEXT NOT NULL,
    "UpdatedAt" TEXT NULL,
    "IsDeleted" INTEGER NOT NULL
);
2026-08-10 11:00:09.599 +05:30 [INF] Executed DbCommand (0ms) [Parameters=[], CommandType='"Text"', CommandTimeout='30']
CREATE TABLE "EmailTemplates" (
    "Id" INTEGER NOT NULL CONSTRAINT "PK_EmailTemplates" PRIMARY KEY AUTOINCREMENT,
    "TemplateKey" TEXT NOT NULL,
    "Subject" TEXT NOT NULL,
    "Body" TEXT NOT NULL,
    "CreatedAt" TEXT NOT NULL,
    "UpdatedAt" TEXT NULL,
    "IsDeleted" INTEGER NOT NULL
);
2026-08-10 11:00:09.602 +05:30 [INF] Executed DbCommand (0ms) [Parameters=[], CommandType='"Text"', CommandTimeout='30']
CREATE TABLE "IncredRmEmails" (
    "Id" INTEGER NOT NULL CONSTRAINT "PK_IncredRmEmails" PRIMARY KEY AUTOINCREMENT,
    "Name" TEXT NOT NULL,
    "Location" TEXT NULL,
    "Email" TEXT NOT NULL,
    "ContactNo" TEXT NULL,
    "CreatedAt" TEXT NOT NULL,
    "UpdatedAt" TEXT NULL,
    "IsDeleted" INTEGER NOT NULL
);
2026-08-10 11:00:09.604 +05:30 [INF] Executed DbCommand (0ms) [Parameters=[], CommandType='"Text"', CommandTimeout='30']
CREATE TABLE "Locations" (
    "Id" INTEGER NOT NULL CONSTRAINT "PK_Locations" PRIMARY KEY AUTOINCREMENT,
    "Name" TEXT NOT NULL,
    "City" TEXT NOT NULL,
    "State" TEXT NOT NULL,
    "PinCode" TEXT NULL,
    "IsActive" INTEGER NOT NULL,
    "CreatedAt" TEXT NOT NULL,
    "UpdatedAt" TEXT NULL,
    "IsDeleted" INTEGER NOT NULL
);
2026-08-10 11:00:09.607 +05:30 [INF] Executed DbCommand (0ms) [Parameters=[], CommandType='"Text"', CommandTimeout='30']
CREATE TABLE "LoginAttempts" (
    "Id" INTEGER NOT NULL CONSTRAINT "PK_LoginAttempts" PRIMARY KEY AUTOINCREMENT,
    "Email" TEXT NOT NULL,
    "IpAddress" TEXT NOT NULL,
    "CreatedAt" TEXT NOT NULL,
    "UpdatedAt" TEXT NULL,
    "IsDeleted" INTEGER NOT NULL
);
2026-08-10 11:00:09.609 +05:30 [INF] Executed DbCommand (0ms) [Parameters=[], CommandType='"Text"', CommandTimeout='30']
CREATE TABLE "PayoutRules" (
    "Id" INTEGER NOT NULL CONSTRAINT "PK_PayoutRules" PRIMARY KEY AUTOINCREMENT,
    "LoanType" TEXT NOT NULL,
    "Percentage" decimal(5,2) NOT NULL,
    "MinPayout" decimal(18,2) NULL,
    "MaxPayout" decimal(18,2) NULL,
    "IsActive" INTEGER NOT NULL,
    "Notes" TEXT NULL,
    "CreatedAt" TEXT NOT NULL,
    "UpdatedAt" TEXT NULL,
    "IsDeleted" INTEGER NOT NULL
);
2026-08-10 11:00:09.612 +05:30 [INF] Executed DbCommand (0ms) [Parameters=[], CommandType='"Text"', CommandTimeout='30']
CREATE TABLE "ProductOfferMatrices" (
    "Id" INTEGER NOT NULL CONSTRAINT "PK_ProductOfferMatrices" PRIMARY KEY AUTOINCREMENT,
    "ProductKey" TEXT NOT NULL,
    "MatrixJson" TEXT NOT NULL,
    "CreatedAt" TEXT NOT NULL,
    "UpdatedAt" TEXT NULL,
    "IsDeleted" INTEGER NOT NULL
);
2026-08-10 11:00:09.616 +05:30 [INF] Executed DbCommand (0ms) [Parameters=[], CommandType='"Text"', CommandTimeout='30']
CREATE TABLE "RejectionReasons" (
    "Id" INTEGER NOT NULL CONSTRAINT "PK_RejectionReasons" PRIMARY KEY AUTOINCREMENT,
    "Key" TEXT NOT NULL,
    "Label" TEXT NOT NULL,
    "SortOrder" INTEGER NOT NULL,
    "CreatedByUserId" INTEGER NULL,
    "CreatedAt" TEXT NOT NULL,
    "UpdatedAt" TEXT NULL,
    "IsDeleted" INTEGER NOT NULL
);
2026-08-10 11:00:09.618 +05:30 [INF] Executed DbCommand (0ms) [Parameters=[], CommandType='"Text"', CommandTimeout='30']
CREATE TABLE "ReportTargets" (
    "Id" INTEGER NOT NULL CONSTRAINT "PK_ReportTargets" PRIMARY KEY AUTOINCREMENT,
    "TargetMonth" TEXT NOT NULL,
    "UserId" INTEGER NULL,
    "TeamId" INTEGER NULL,
    "DisbAmt" decimal(18,2) NOT NULL,
    "LoginCount" INTEGER NOT NULL,
    "DisbCount" INTEGER NOT NULL,
    "CreatedByUserId" INTEGER NULL,
    "CreatedAt" TEXT NOT NULL,
    "UpdatedAt" TEXT NULL,
    "IsDeleted" INTEGER NOT NULL
);
2026-08-10 11:00:09.621 +05:30 [INF] Executed DbCommand (0ms) [Parameters=[], CommandType='"Text"', CommandTimeout='30']
CREATE TABLE "BankEligibilityLines" (
    "Id" INTEGER NOT NULL CONSTRAINT "PK_BankEligibilityLines" PRIMARY KEY AUTOINCREMENT,
    "BankId" INTEGER NOT NULL,
    "CompanyId" INTEGER NOT NULL,
    "CategoryId" INTEGER NOT NULL,
    "PinCode" TEXT NULL,
    "Pf" INTEGER NOT NULL,
    "CreatedAt" TEXT NOT NULL,
    "UpdatedAt" TEXT NULL,
    "IsDeleted" INTEGER NOT NULL,
    CONSTRAINT "FK_BankEligibilityLines_AnalyticCategories_CategoryId" FOREIGN KEY ("CategoryId") REFERENCES "AnalyticCategories" ("Id") ON DELETE RESTRICT,
    CONSTRAINT "FK_BankEligibilityLines_AnalyticCompanies_CompanyId" FOREIGN KEY ("CompanyId") REFERENCES "AnalyticCompanies" ("Id") ON DELETE RESTRICT,
    CONSTRAINT "FK_BankEligibilityLines_Banks_BankId" FOREIGN KEY ("BankId") REFERENCES "Banks" ("Id") ON DELETE CASCADE
);
2026-08-10 11:00:09.623 +05:30 [INF] Executed DbCommand (0ms) [Parameters=[], CommandType='"Text"', CommandTimeout='30']
CREATE TABLE "BureauAccounts" (
    "Id" INTEGER NOT NULL CONSTRAINT "PK_BureauAccounts" PRIMARY KEY AUTOINCREMENT,
    "BureauReportId" INTEGER NOT NULL,
    "LenderName" TEXT NOT NULL,
    "LoanType" TEXT NOT NULL,
    "Ownership" TEXT NOT NULL,
    "AccountNumber" TEXT NOT NULL,
    "AccountStatus" TEXT NOT NULL,
    "OpenDate" TEXT NOT NULL,
    "ClosedDate" TEXT NULL,
    "ReportDate" TEXT NOT NULL,
    "LastPaymentDate" TEXT NULL,
    "SanctionAmount" decimal(18,2) NOT NULL,
    "CurrentBalance" decimal(18,2) NOT NULL,
    "EMIAmount" decimal(18,2) NOT NULL,
    "TenureMonths" INTEGER NOT NULL,
    "RemainingTenure" INTEGER NOT NULL,
    "PaymentFrequency" TEXT NOT NULL,
    "DaysOverdue" INTEGER NOT NULL,
    "IsWrittenOff" INTEGER NOT NULL,
    "IsSettled" INTEGER NOT NULL,
    "HasDelinquency" INTEGER NOT NULL,
    "TotalPaidAmount" TEXT NOT NULL,
    "AssetClassification" TEXT NOT NULL,
    "SettlementAmount" TEXT NULL,
    "WrittenOffPrincipalAmount" TEXT NULL,
    "WrittenOffTotalAmount" TEXT NULL,
    "ActualLastPayment" TEXT NULL,
    "InterestRate" TEXT NULL,
    "Collateral" TEXT NOT NULL,
    "CollateralType" TEXT NOT NULL,
    "SuitFiledStatus" TEXT NOT NULL,
    "CashLimit" TEXT NULL,
    "LastBankUpdate" TEXT NULL,
    "RepaymentTenure" TEXT NOT NULL,
    CONSTRAINT "FK_BureauAccounts_BureauReports_BureauReportId" FOREIGN KEY ("BureauReportId") REFERENCES "BureauReports" ("Id") ON DELETE CASCADE
);
2026-08-10 11:00:09.626 +05:30 [INF] Executed DbCommand (0ms) [Parameters=[], CommandType='"Text"', CommandTimeout='30']
CREATE TABLE "BureauAddresses" (
    "Id" INTEGER NOT NULL CONSTRAINT "PK_BureauAddresses" PRIMARY KEY AUTOINCREMENT,
    "BureauReportId" INTEGER NOT NULL,
    "AddressType" TEXT NOT NULL,
    "Street" TEXT NOT NULL,
    "City" TEXT NOT NULL,
    "State" TEXT NOT NULL,
    "PostalCode" TEXT NOT NULL,
    "Country" TEXT NOT NULL,
    "DateReported" TEXT NULL,
    CONSTRAINT "FK_BureauAddresses_BureauReports_BureauReportId" FOREIGN KEY ("BureauReportId") REFERENCES "BureauReports" ("Id") ON DELETE CASCADE
);
2026-08-10 11:00:09.629 +05:30 [INF] Executed DbCommand (0ms) [Parameters=[], CommandType='"Text"', CommandTimeout='30']
CREATE TABLE "BureauEmailAddresses" (
    "Id" INTEGER NOT NULL CONSTRAINT "PK_BureauEmailAddresses" PRIMARY KEY AUTOINCREMENT,
    "BureauReportId" INTEGER NOT NULL,
    "EmailAddress" TEXT NOT NULL,
    CONSTRAINT "FK_BureauEmailAddresses_BureauReports_BureauReportId" FOREIGN KEY ("BureauReportId") REFERENCES "BureauReports" ("Id") ON DELETE CASCADE
);
2026-08-10 11:00:09.632 +05:30 [INF] Executed DbCommand (0ms) [Parameters=[], CommandType='"Text"', CommandTimeout='30']
CREATE TABLE "BureauEmployments" (
    "Id" INTEGER NOT NULL CONSTRAINT "PK_BureauEmployments" PRIMARY KEY AUTOINCREMENT,
    "BureauReportId" INTEGER NOT NULL,
    "EmployerName" TEXT NOT NULL,
    "Occupation" TEXT NOT NULL,
    "EmploymentType" TEXT NOT NULL,
    "EmploymentStartDate" TEXT NULL,
    "EmploymentEndDate" TEXT NULL,
    "MonthlyIncome" decimal(18,2) NOT NULL,
    CONSTRAINT "FK_BureauEmployments_BureauReports_BureauReportId" FOREIGN KEY ("BureauReportId") REFERENCES "BureauReports" ("Id") ON DELETE CASCADE
);
2026-08-10 11:00:09.634 +05:30 [INF] Executed DbCommand (0ms) [Parameters=[], CommandType='"Text"', CommandTimeout='30']
CREATE TABLE "BureauEnquiries" (
    "Id" INTEGER NOT NULL CONSTRAINT "PK_BureauEnquiries" PRIMARY KEY AUTOINCREMENT,
    "BureauReportId" INTEGER NOT NULL,
    "EnquiryDate" TEXT NOT NULL,
    "EnquiryType" TEXT NOT NULL,
    "RequestedAmount" decimal(18,2) NOT NULL,
    "Purpose" TEXT NOT NULL,
    "MemberName" TEXT NOT NULL,
    "OwnershipType" TEXT NOT NULL,
    CONSTRAINT "FK_BureauEnquiries_BureauReports_BureauReportId" FOREIGN KEY ("BureauReportId") REFERENCES "BureauReports" ("Id") ON DELETE CASCADE
);
2026-08-10 11:00:09.637 +05:30 [INF] Executed DbCommand (0ms) [Parameters=[], CommandType='"Text"', CommandTimeout='30']
CREATE TABLE "BureauMobileNumbers" (
    "Id" INTEGER NOT NULL CONSTRAINT "PK_BureauMobileNumbers" PRIMARY KEY AUTOINCREMENT,
    "BureauReportId" INTEGER NOT NULL,
    "PhoneNumber" TEXT NOT NULL,
    CONSTRAINT "FK_BureauMobileNumbers_BureauReports_BureauReportId" FOREIGN KEY ("BureauReportId") REFERENCES "BureauReports" ("Id") ON DELETE CASCADE
);
2026-08-10 11:00:09.639 +05:30 [INF] Executed DbCommand (0ms) [Parameters=[], CommandType='"Text"', CommandTimeout='30']
CREATE TABLE "ScoreFactors" (
    "Id" INTEGER NOT NULL CONSTRAINT "PK_ScoreFactors" PRIMARY KEY AUTOINCREMENT,
    "BureauReportId" INTEGER NOT NULL,
    "Factor" TEXT NOT NULL,
    "ImpactScore" INTEGER NOT NULL,
    "IsPositive" INTEGER NOT NULL,
    "Description" TEXT NOT NULL,
    CONSTRAINT "FK_ScoreFactors_BureauReports_BureauReportId" FOREIGN KEY ("BureauReportId") REFERENCES "BureauReports" ("Id") ON DELETE CASCADE
);
2026-08-10 11:00:09.641 +05:30 [INF] Executed DbCommand (0ms) [Parameters=[], CommandType='"Text"', CommandTimeout='30']
CREATE TABLE "Users" (
    "Id" INTEGER NOT NULL CONSTRAINT "PK_Users" PRIMARY KEY AUTOINCREMENT,
    "FullName" TEXT NOT NULL,
    "Email" TEXT NOT NULL,
    "PasswordHash" TEXT NOT NULL,
    "Role" TEXT NOT NULL,
    "IsActive" INTEGER NOT NULL,
    "RefreshToken" TEXT NULL,
    "RefreshTokenExpiry" TEXT NULL,
    "PhoneNumber" TEXT NULL,
    "LocationName" TEXT NULL,
    "SalesTeam" TEXT NULL,
    "OpTeam" TEXT NULL,
    "LocationId" INTEGER NULL,
    "PhotoData" TEXT NULL,
    "MustChangePassword" INTEGER NOT NULL,
    "FailedLoginAttempts" INTEGER NOT NULL,
    "LockedUntil" TEXT NULL,
    "CreatedAt" TEXT NOT NULL,
    "UpdatedAt" TEXT NULL,
    "IsDeleted" INTEGER NOT NULL,
    CONSTRAINT "FK_Users_Locations_LocationId" FOREIGN KEY ("LocationId") REFERENCES "Locations" ("Id") ON DELETE SET NULL
);
2026-08-10 11:00:09.643 +05:30 [INF] Executed DbCommand (0ms) [Parameters=[], CommandType='"Text"', CommandTimeout='30']
CREATE TABLE "BureauPaymentHistories" (
    "Id" INTEGER NOT NULL CONSTRAINT "PK_BureauPaymentHistories" PRIMARY KEY AUTOINCREMENT,
    "BureauAccountId" INTEGER NOT NULL,
    "BureauReportId" INTEGER NOT NULL,
    "ReportMonth" TEXT NOT NULL,
    "DPDStatus" TEXT NOT NULL,
    "DaysOverdue" INTEGER NOT NULL,
    "Status" TEXT NOT NULL,
    "IsMissedPayment" INTEGER NOT NULL,
    "IsWriteOff" INTEGER NOT NULL,
    "IsSettlement" INTEGER NOT NULL,
    "ScheduledAmount" decimal(18,2) NOT NULL,
    "PaidAmount" decimal(18,2) NOT NULL,
    CONSTRAINT "FK_BureauPaymentHistories_BureauAccounts_BureauAccountId" FOREIGN KEY ("BureauAccountId") REFERENCES "BureauAccounts" ("Id") ON DELETE CASCADE
);
2026-08-10 11:00:09.645 +05:30 [INF] Executed DbCommand (0ms) [Parameters=[], CommandType='"Text"', CommandTimeout='30']
CREATE TABLE "DsaPartners" (
    "Id" INTEGER NOT NULL CONSTRAINT "PK_DsaPartners" PRIMARY KEY AUTOINCREMENT,
    "Name" TEXT NOT NULL,
    "Code" TEXT NOT NULL,
    "Email" TEXT NULL,
    "Phone" TEXT NULL,
    "City" TEXT NULL,
    "IsActive" INTEGER NOT NULL,
    "MappedSalesUserId" INTEGER NULL,
    "PartnerType" TEXT NOT NULL,
    "LinkedUserId" INTEGER NULL,
    "Pan" TEXT NULL,
    "OfficeAddress" TEXT NULL,
    "OfficeState" TEXT NULL,
    "OfficePin" TEXT NULL,
    "OfficeAddressType" TEXT NULL,
    "Category" TEXT NULL,
    "MappedDsaId" INTEGER NULL,
    "CreatedAt" TEXT NOT NULL,
    "UpdatedAt" TEXT NULL,
    "IsDeleted" INTEGER NOT NULL,
    CONSTRAINT "FK_DsaPartners_DsaPartners_MappedDsaId" FOREIGN KEY ("MappedDsaId") REFERENCES "DsaPartners" ("Id") ON DELETE SET NULL,
    CONSTRAINT "FK_DsaPartners_Users_LinkedUserId" FOREIGN KEY ("LinkedUserId") REFERENCES "Users" ("Id") ON DELETE SET NULL,
    CONSTRAINT "FK_DsaPartners_Users_MappedSalesUserId" FOREIGN KEY ("MappedSalesUserId") REFERENCES "Users" ("Id") ON DELETE SET NULL
);
2026-08-10 11:00:09.648 +05:30 [INF] Executed DbCommand (0ms) [Parameters=[], CommandType='"Text"', CommandTimeout='30']
CREATE TABLE "PasswordResetTokens" (
    "Id" INTEGER NOT NULL CONSTRAINT "PK_PasswordResetTokens" PRIMARY KEY AUTOINCREMENT,
    "TokenHash" TEXT NOT NULL,
    "UserId" INTEGER NOT NULL,
    "ExpiresAt" TEXT NOT NULL,
    "IsUsed" INTEGER NOT NULL,
    "CreatedAt" TEXT NOT NULL,
    "UpdatedAt" TEXT NULL,
    "IsDeleted" INTEGER NOT NULL,
    CONSTRAINT "FK_PasswordResetTokens_Users_UserId" FOREIGN KEY ("UserId") REFERENCES "Users" ("Id") ON DELETE CASCADE
);
2026-08-10 11:00:09.651 +05:30 [INF] Executed DbCommand (0ms) [Parameters=[], CommandType='"Text"', CommandTimeout='30']
CREATE TABLE "Teams" (
    "Id" INTEGER NOT NULL CONSTRAINT "PK_Teams" PRIMARY KEY AUTOINCREMENT,
    "Name" TEXT NOT NULL,
    "Type" TEXT NOT NULL,
    "LocationId" INTEGER NULL,
    "TeamLeadUserId" INTEGER NULL,
    "CreatedAt" TEXT NOT NULL,
    "UpdatedAt" TEXT NULL,
    "IsDeleted" INTEGER NOT NULL,
    CONSTRAINT "FK_Teams_Locations_LocationId" FOREIGN KEY ("LocationId") REFERENCES "Locations" ("Id") ON DELETE SET NULL,
    CONSTRAINT "FK_Teams_Users_TeamLeadUserId" FOREIGN KEY ("TeamLeadUserId") REFERENCES "Users" ("Id") ON DELETE SET NULL
);
2026-08-10 11:00:09.654 +05:30 [INF] Executed DbCommand (0ms) [Parameters=[], CommandType='"Text"', CommandTimeout='30']
CREATE TABLE "DsaDocuments" (
    "Id" INTEGER NOT NULL CONSTRAINT "PK_DsaDocuments" PRIMARY KEY AUTOINCREMENT,
    "DsaPartnerId" INTEGER NOT NULL,
    "DocumentName" TEXT NOT NULL,
    "DocumentType" TEXT NOT NULL,
    "FilePath" TEXT NOT NULL,
    "FileSizeBytes" INTEGER NOT NULL,
    "UploadedByUserId" TEXT NOT NULL,
    "CreatedAt" TEXT NOT NULL,
    "UpdatedAt" TEXT NULL,
    "IsDeleted" INTEGER NOT NULL,
    CONSTRAINT "FK_DsaDocuments_DsaPartners_DsaPartnerId" FOREIGN KEY ("DsaPartnerId") REFERENCES "DsaPartners" ("Id") ON DELETE CASCADE
);
2026-08-10 11:00:09.656 +05:30 [INF] Executed DbCommand (0ms) [Parameters=[], CommandType='"Text"', CommandTimeout='30']
CREATE TABLE "Loans" (
    "Id" INTEGER NOT NULL CONSTRAINT "PK_Loans" PRIMARY KEY AUTOINCREMENT,
    "LoanNumber" TEXT NOT NULL,
    "LoanType" TEXT NOT NULL,
    "Status" TEXT NOT NULL,
    "RequestedAmount" decimal(18,2) NOT NULL,
    "ApprovedAmount" decimal(18,2) NULL,
    "InterestRate" decimal(5,2) NOT NULL,
    "TenureMonths" INTEGER NOT NULL,
    "MonthlyEmi" decimal(18,2) NULL,
    "Purpose" TEXT NULL,
    "Remarks" TEXT NULL,
    "ApprovedAt" TEXT NULL,
    "DisbursedAt" TEXT NULL,
    "ClosedAt" TEXT NULL,
    "WizardStep" INTEGER NULL,
    "CustomerId" INTEGER NOT NULL,
    "CreatedByUserId" INTEGER NOT NULL,
    "AssignedToUserId" INTEGER NULL,
    "LoginUserId" INTEGER NULL,
    "SlaBreachNotifiedAt" TEXT NULL,
    "SelectedLenderNames" TEXT NULL,
    "DsaId" INTEGER NULL,
    "PartnerId" INTEGER NULL,
    "LocationId" INTEGER NULL,
    "ApplicationSource" TEXT NULL,
    "IncredApplicationId" TEXT NULL,
    "IncredCustomerId" TEXT NULL,
    "IncredRequestId" TEXT NULL,
    "IncredOfferStatus" TEXT NULL,
    "IncredOfferJson" TEXT NULL,
    "IncredErrorMessage" TEXT NULL,
    "IncredRejectReason" TEXT NULL,
    "IncredLastWebhookEvent" TEXT NULL,
    "IncredLastWebhookStatus" TEXT NULL,
    "IncredLastSyncedAt" TEXT NULL,
    "CreatedAt" TEXT NOT NULL,
    "UpdatedAt" TEXT NULL,
    "IsDeleted" INTEGER NOT NULL,
    CONSTRAINT "FK_Loans_Customers_CustomerId" FOREIGN KEY ("CustomerId") REFERENCES "Customers" ("Id") ON DELETE RESTRICT,
    CONSTRAINT "FK_Loans_DsaPartners_DsaId" FOREIGN KEY ("DsaId") REFERENCES "DsaPartners" ("Id") ON DELETE SET NULL,
    CONSTRAINT "FK_Loans_DsaPartners_PartnerId" FOREIGN KEY ("PartnerId") REFERENCES "DsaPartners" ("Id") ON DELETE SET NULL,
    CONSTRAINT "FK_Loans_Locations_LocationId" FOREIGN KEY ("LocationId") REFERENCES "Locations" ("Id") ON DELETE SET NULL,
    CONSTRAINT "FK_Loans_Users_AssignedToUserId" FOREIGN KEY ("AssignedToUserId") REFERENCES "Users" ("Id") ON DELETE SET NULL,
    CONSTRAINT "FK_Loans_Users_CreatedByUserId" FOREIGN KEY ("CreatedByUserId") REFERENCES "Users" ("Id") ON DELETE RESTRICT,
    CONSTRAINT "FK_Loans_Users_LoginUserId" FOREIGN KEY ("LoginUserId") REFERENCES "Users" ("Id") ON DELETE SET NULL
);
2026-08-10 11:00:09.659 +05:30 [INF] Executed DbCommand (0ms) [Parameters=[], CommandType='"Text"', CommandTimeout='30']
CREATE TABLE "TeamMembers" (
    "Id" INTEGER NOT NULL CONSTRAINT "PK_TeamMembers" PRIMARY KEY AUTOINCREMENT,
    "TeamId" INTEGER NOT NULL,
    "UserId" INTEGER NOT NULL,
    "CreatedAt" TEXT NOT NULL,
    "UpdatedAt" TEXT NULL,
    "IsDeleted" INTEGER NOT NULL,
    CONSTRAINT "FK_TeamMembers_Teams_TeamId" FOREIGN KEY ("TeamId") REFERENCES "Teams" ("Id") ON DELETE CASCADE,
    CONSTRAINT "FK_TeamMembers_Users_UserId" FOREIGN KEY ("UserId") REFERENCES "Users" ("Id") ON DELETE RESTRICT
);
2026-08-10 11:00:09.662 +05:30 [INF] Executed DbCommand (0ms) [Parameters=[], CommandType='"Text"', CommandTimeout='30']
CREATE TABLE "AiAgentRuns" (
    "Id" INTEGER NOT NULL CONSTRAINT "PK_AiAgentRuns" PRIMARY KEY AUTOINCREMENT,
    "LoanApplicationId" INTEGER NOT NULL,
    "RunId" TEXT NOT NULL,
    "StartedAt" TEXT NOT NULL,
    "FinishedAt" TEXT NULL,
    "Status" TEXT NOT NULL,
    "Error" TEXT NULL,
    "StepsJson" TEXT NULL,
    "CreatedAt" TEXT NOT NULL,
    "UpdatedAt" TEXT NULL,
    "IsDeleted" INTEGER NOT NULL,
    CONSTRAINT "FK_AiAgentRuns_Loans_LoanApplicationId" FOREIGN KEY ("LoanApplicationId") REFERENCES "Loans" ("Id") ON DELETE CASCADE
);
2026-08-10 11:00:09.665 +05:30 [INF] Executed DbCommand (0ms) [Parameters=[], CommandType='"Text"', CommandTimeout='30']
CREATE TABLE "AssignmentAuditLogs" (
    "Id" INTEGER NOT NULL CONSTRAINT "PK_AssignmentAuditLogs" PRIMARY KEY AUTOINCREMENT,
    "LoanApplicationId" INTEGER NULL,
    "LoanFrontendId" TEXT NOT NULL,
    "Location" TEXT NULL,
    "LoanType" TEXT NULL,
    "SalesPerson" TEXT NULL,
    "SalesTeam" TEXT NULL,
    "AssignedToUserId" INTEGER NULL,
    "AssignedToUserName" TEXT NULL,
    "AssignedByUserId" INTEGER NULL,
    "AssignedByName" TEXT NOT NULL,
    "Method" TEXT NOT NULL,
    "TieBreak" INTEGER NOT NULL,
    "PreviousUserName" TEXT NULL,
    "Reason" TEXT NULL,
    "CandidatesJson" TEXT NULL,
    "AssignedAt" TEXT NOT NULL,
    "CreatedAt" TEXT NOT NULL,
    CONSTRAINT "FK_AssignmentAuditLogs_Loans_LoanApplicationId" FOREIGN KEY ("LoanApplicationId") REFERENCES "Loans" ("Id") ON DELETE SET NULL
);
2026-08-10 11:00:09.667 +05:30 [INF] Executed DbCommand (0ms) [Parameters=[], CommandType='"Text"', CommandTimeout='30']
CREATE TABLE "LenderEmailThreadEntries" (
    "Id" INTEGER NOT NULL CONSTRAINT "PK_LenderEmailThreadEntries" PRIMARY KEY AUTOINCREMENT,
    "LoanApplicationId" INTEGER NOT NULL,
    "Direction" TEXT NOT NULL,
    "Stage" TEXT NULL,
    "RmName" TEXT NULL,
    "RmEmail" TEXT NULL,
    "Subject" TEXT NULL,
    "BodyText" TEXT NULL,
    "Source" TEXT NULL,
    "ParsedDataJson" TEXT NULL,
    "CreatedAt" TEXT NOT NULL,
    "UpdatedAt" TEXT NULL,
    "IsDeleted" INTEGER NOT NULL,
    CONSTRAINT "FK_LenderEmailThreadEntries_Loans_LoanApplicationId" FOREIGN KEY ("LoanApplicationId") REFERENCES "Loans" ("Id") ON DELETE CASCADE
);
2026-08-10 11:00:09.670 +05:30 [INF] Executed DbCommand (0ms) [Parameters=[], CommandType='"Text"', CommandTimeout='30']
CREATE TABLE "LoanDocuments" (
    "Id" INTEGER NOT NULL CONSTRAINT "PK_LoanDocuments" PRIMARY KEY AUTOINCREMENT,
    "LoanId" INTEGER NOT NULL,
    "DocumentName" TEXT NOT NULL,
    "DocumentType" TEXT NOT NULL,
    "FilePath" TEXT NOT NULL,
    "FileSizeBytes" INTEGER NOT NULL,
    "UploadedByUserId" TEXT NOT NULL,
    "CreatedAt" TEXT NOT NULL,
    "UpdatedAt" TEXT NULL,
    "IsDeleted" INTEGER NOT NULL,
    CONSTRAINT "FK_LoanDocuments_Loans_LoanId" FOREIGN KEY ("LoanId") REFERENCES "Loans" ("Id") ON DELETE CASCADE
);
2026-08-10 11:00:09.673 +05:30 [INF] Executed DbCommand (0ms) [Parameters=[], CommandType='"Text"', CommandTimeout='30']
CREATE TABLE "LoanObligations" (
    "Id" INTEGER NOT NULL CONSTRAINT "PK_LoanObligations" PRIMARY KEY AUTOINCREMENT,
    "LoanApplicationId" INTEGER NOT NULL,
    "LoanType" TEXT NOT NULL,
    "SanctionAmount" decimal(18,2) NOT NULL,
    "FinancerName" TEXT NULL,
    "LoanEmi" decimal(18,2) NOT NULL,
    "AmountOutstanding" decimal(18,2) NOT NULL,
    "LoanClosureDate" TEXT NULL,
    "LoanAccountNumber" TEXT NULL,
    "SelectBT" INTEGER NOT NULL,
    "CreatedAt" TEXT NOT NULL,
    "UpdatedAt" TEXT NULL,
    "IsDeleted" INTEGER NOT NULL,
    CONSTRAINT "FK_LoanObligations_Loans_LoanApplicationId" FOREIGN KEY ("LoanApplicationId") REFERENCES "Loans" ("Id") ON DELETE CASCADE
);
2026-08-10 11:00:09.676 +05:30 [INF] Executed DbCommand (0ms) [Parameters=[], CommandType='"Text"', CommandTimeout='30']
CREATE TABLE "LoanOffers" (
    "Id" INTEGER NOT NULL CONSTRAINT "PK_LoanOffers" PRIMARY KEY AUTOINCREMENT,
    "LoanId" INTEGER NOT NULL,
    "OfferType" TEXT NULL,
    "LoanAmount" decimal(18,2) NOT NULL,
    "LoanMaxTenure" INTEGER NOT NULL,
    "LoanRate" decimal(5,2) NOT NULL,
    "ProcessingFee" decimal(5,2) NOT NULL,
    "CreatedAt" TEXT NOT NULL,
    "UpdatedAt" TEXT NULL,
    "IsDeleted" INTEGER NOT NULL,
    CONSTRAINT "FK_LoanOffers_Loans_LoanId" FOREIGN KEY ("LoanId") REFERENCES "Loans" ("Id") ON DELETE CASCADE
);
2026-08-10 11:00:09.678 +05:30 [INF] Executed DbCommand (0ms) [Parameters=[], CommandType='"Text"', CommandTimeout='30']
CREATE TABLE "LoanReferences" (
    "Id" INTEGER NOT NULL CONSTRAINT "PK_LoanReferences" PRIMARY KEY AUTOINCREMENT,
    "LoanId" INTEGER NOT NULL,
    "Name" TEXT NOT NULL,
    "Mobile" TEXT NOT NULL,
    "Relation" TEXT NOT NULL,
    "RefNumber" INTEGER NOT NULL,
    "CreatedAt" TEXT NOT NULL,
    "UpdatedAt" TEXT NULL,
    "IsDeleted" INTEGER NOT NULL,
    CONSTRAINT "FK_LoanReferences_Loans_LoanId" FOREIGN KEY ("LoanId") REFERENCES "Loans" ("Id") ON DELETE CASCADE
);
2026-08-10 11:00:09.681 +05:30 [INF] Executed DbCommand (0ms) [Parameters=[], CommandType='"Text"', CommandTimeout='30']
CREATE TABLE "LoanStatusHistories" (
    "Id" INTEGER NOT NULL CONSTRAINT "PK_LoanStatusHistories" PRIMARY KEY AUTOINCREMENT,
    "LoanId" INTEGER NOT NULL,
    "FromStatus" TEXT NOT NULL,
    "ToStatus" TEXT NOT NULL,
    "Comment" TEXT NULL,
    "ChangedByUserId" INTEGER NOT NULL,
    "CreatedAt" TEXT NOT NULL,
    "UpdatedAt" TEXT NULL,
    "IsDeleted" INTEGER NOT NULL,
    CONSTRAINT "FK_LoanStatusHistories_Loans_LoanId" FOREIGN KEY ("LoanId") REFERENCES "Loans" ("Id") ON DELETE CASCADE,
    CONSTRAINT "FK_LoanStatusHistories_Users_ChangedByUserId" FOREIGN KEY ("ChangedByUserId") REFERENCES "Users" ("Id") ON DELETE RESTRICT
);
2026-08-10 11:00:09.684 +05:30 [INF] Executed DbCommand (0ms) [Parameters=[], CommandType='"Text"', CommandTimeout='30']
CREATE TABLE "PayoutClaims" (
    "Id" INTEGER NOT NULL CONSTRAINT "PK_PayoutClaims" PRIMARY KEY AUTOINCREMENT,
    "LoanId" INTEGER NOT NULL,
    "ClaimedByUserId" INTEGER NOT NULL,
    "ClaimAmount" decimal(18,2) NOT NULL,
    "Status" TEXT NOT NULL,
    "Month" TEXT NULL,
    "Notes" TEXT NULL,
    "VerifiedAt" TEXT NULL,
    "PaidAt" TEXT NULL,
    "ProcessedByUserId" INTEGER NULL,
    "ClaimType" TEXT NOT NULL DEFAULT 'Sales',
    "CreatedAt" TEXT NOT NULL,
    "UpdatedAt" TEXT NULL,
    "IsDeleted" INTEGER NOT NULL,
    CONSTRAINT "FK_PayoutClaims_Loans_LoanId" FOREIGN KEY ("LoanId") REFERENCES "Loans" ("Id") ON DELETE RESTRICT,
    CONSTRAINT "FK_PayoutClaims_Users_ClaimedByUserId" FOREIGN KEY ("ClaimedByUserId") REFERENCES "Users" ("Id") ON DELETE RESTRICT,
    CONSTRAINT "FK_PayoutClaims_Users_ProcessedByUserId" FOREIGN KEY ("ProcessedByUserId") REFERENCES "Users" ("Id") ON DELETE SET NULL
);
2026-08-10 11:00:09.687 +05:30 [INF] Executed DbCommand (1ms) [Parameters=[], CommandType='"Text"', CommandTimeout='30']
CREATE TABLE "Tasks" (
    "Id" INTEGER NOT NULL CONSTRAINT "PK_Tasks" PRIMARY KEY AUTOINCREMENT,
    "LoanId" INTEGER NULL,
    "Title" TEXT NOT NULL,
    "Description" TEXT NULL,
    "Priority" TEXT NOT NULL,
    "IsCompleted" INTEGER NOT NULL,
    "DueDate" TEXT NULL,
    "AssignedToUserId" INTEGER NOT NULL,
    "CreatedByUserId" INTEGER NOT NULL,
    "CreatedAt" TEXT NOT NULL,
    "UpdatedAt" TEXT NULL,
    "IsDeleted" INTEGER NOT NULL,
    CONSTRAINT "FK_Tasks_Loans_LoanId" FOREIGN KEY ("LoanId") REFERENCES "Loans" ("Id") ON DELETE CASCADE,
    CONSTRAINT "FK_Tasks_Users_AssignedToUserId" FOREIGN KEY ("AssignedToUserId") REFERENCES "Users" ("Id") ON DELETE RESTRICT,
    CONSTRAINT "FK_Tasks_Users_CreatedByUserId" FOREIGN KEY ("CreatedByUserId") REFERENCES "Users" ("Id") ON DELETE RESTRICT
);
2026-08-10 11:00:09.690 +05:30 [INF] Executed DbCommand (0ms) [Parameters=[], CommandType='"Text"', CommandTimeout='30']
CREATE TABLE "Tickets" (
    "Id" INTEGER NOT NULL CONSTRAINT "PK_Tickets" PRIMARY KEY AUTOINCREMENT,
    "Title" TEXT NOT NULL,
    "Description" TEXT NOT NULL,
    "Status" TEXT NOT NULL,
    "Priority" TEXT NOT NULL,
    "LoanId" INTEGER NULL,
    "CreatedByUserId" INTEGER NOT NULL,
    "AssignedToUserId" INTEGER NULL,
    "ClosedAt" TEXT NULL,
    "CreatedAt" TEXT NOT NULL,
    "UpdatedAt" TEXT NULL,
    "IsDeleted" INTEGER NOT NULL,
    CONSTRAINT "FK_Tickets_Loans_LoanId" FOREIGN KEY ("LoanId") REFERENCES "Loans" ("Id") ON DELETE CASCADE,
    CONSTRAINT "FK_Tickets_Users_AssignedToUserId" FOREIGN KEY ("AssignedToUserId") REFERENCES "Users" ("Id") ON DELETE SET NULL,
    CONSTRAINT "FK_Tickets_Users_CreatedByUserId" FOREIGN KEY ("CreatedByUserId") REFERENCES "Users" ("Id") ON DELETE RESTRICT
);
2026-08-10 11:00:09.692 +05:30 [INF] Executed DbCommand (0ms) [Parameters=[], CommandType='"Text"', CommandTimeout='30']
CREATE TABLE "TrackingEntries" (
    "Id" INTEGER NOT NULL CONSTRAINT "PK_TrackingEntries" PRIMARY KEY AUTOINCREMENT,
    "LoanId" INTEGER NOT NULL,
    "Name" TEXT NOT NULL,
    "Stage" TEXT NOT NULL,
    "AssignedUser" TEXT NOT NULL,
    "Status" TEXT NOT NULL,
    "Comment" TEXT NULL,
    "SubNote" TEXT NULL,
    "CreatedByUserId" INTEGER NOT NULL,
    "CreatedAt" TEXT NOT NULL,
    "UpdatedAt" TEXT NULL,
    "IsDeleted" INTEGER NOT NULL,
    CONSTRAINT "FK_TrackingEntries_Loans_LoanId" FOREIGN KEY ("LoanId") REFERENCES "Loans" ("Id") ON DELETE CASCADE,
    CONSTRAINT "FK_TrackingEntries_Users_CreatedByUserId" FOREIGN KEY ("CreatedByUserId") REFERENCES "Users" ("Id") ON DELETE RESTRICT
);
2026-08-10 11:00:09.695 +05:30 [INF] Executed DbCommand (0ms) [Parameters=[], CommandType='"Text"', CommandTimeout='30']
CREATE TABLE "TicketComments" (
    "Id" INTEGER NOT NULL CONSTRAINT "PK_TicketComments" PRIMARY KEY AUTOINCREMENT,
    "TicketId" INTEGER NOT NULL,
    "UserId" INTEGER NOT NULL,
    "Content" TEXT NOT NULL,
    "Type" TEXT NOT NULL,
    "CreatedAt" TEXT NOT NULL,
    "UpdatedAt" TEXT NULL,
    "IsDeleted" INTEGER NOT NULL,
    CONSTRAINT "FK_TicketComments_Tickets_TicketId" FOREIGN KEY ("TicketId") REFERENCES "Tickets" ("Id") ON DELETE CASCADE,
    CONSTRAINT "FK_TicketComments_Users_UserId" FOREIGN KEY ("UserId") REFERENCES "Users" ("Id") ON DELETE RESTRICT
);
2026-08-10 11:00:09.698 +05:30 [INF] Executed DbCommand (0ms) [Parameters=[], CommandType='"Text"', CommandTimeout='30']
CREATE INDEX "IX_AiAgentRuns_LoanApplicationId" ON "AiAgentRuns" ("LoanApplicationId");
2026-08-10 11:00:09.700 +05:30 [INF] Executed DbCommand (0ms) [Parameters=[], CommandType='"Text"', CommandTimeout='30']
CREATE INDEX "IX_AppNotifications_TargetRole_IsRead_CreatedAt" ON "AppNotifications" ("TargetRole", "IsRead", "CreatedAt");
2026-08-10 11:00:09.703 +05:30 [INF] Executed DbCommand (0ms) [Parameters=[], CommandType='"Text"', CommandTimeout='30']
CREATE INDEX "IX_AppNotifications_TargetUserId_IsRead_CreatedAt" ON "AppNotifications" ("TargetUserId", "IsRead", "CreatedAt");
2026-08-10 11:00:09.706 +05:30 [INF] Executed DbCommand (0ms) [Parameters=[], CommandType='"Text"', CommandTimeout='30']
CREATE UNIQUE INDEX "IX_AppSettings_Key_OrgWide_Unique" ON "AppSettings" ("Key") WHERE "UserId" IS NULL;
2026-08-10 11:00:09.708 +05:30 [INF] Executed DbCommand (0ms) [Parameters=[], CommandType='"Text"', CommandTimeout='30']
CREATE UNIQUE INDEX "IX_AppSettings_Key_UserId_Unique" ON "AppSettings" ("Key", "UserId") WHERE "UserId" IS NOT NULL;
2026-08-10 11:00:09.711 +05:30 [INF] Executed DbCommand (0ms) [Parameters=[], CommandType='"Text"', CommandTimeout='30']
CREATE INDEX "IX_AssignmentAuditLogs_AssignedAt" ON "AssignmentAuditLogs" ("AssignedAt");
2026-08-10 11:00:09.714 +05:30 [INF] Executed DbCommand (0ms) [Parameters=[], CommandType='"Text"', CommandTimeout='30']
CREATE INDEX "IX_AssignmentAuditLogs_LoanApplicationId" ON "AssignmentAuditLogs" ("LoanApplicationId");
2026-08-10 11:00:09.717 +05:30 [INF] Executed DbCommand (0ms) [Parameters=[], CommandType='"Text"', CommandTimeout='30']
CREATE INDEX "IX_AssignmentAuditLogs_LoanFrontendId" ON "AssignmentAuditLogs" ("LoanFrontendId");
2026-08-10 11:00:09.720 +05:30 [INF] Executed DbCommand (0ms) [Parameters=[], CommandType='"Text"', CommandTimeout='30']
CREATE INDEX "IX_AssignmentLogs_CreatedAt" ON "AssignmentLogs" ("CreatedAt");
2026-08-10 11:00:09.723 +05:30 [INF] Executed DbCommand (0ms) [Parameters=[], CommandType='"Text"', CommandTimeout='30']
CREATE INDEX "IX_AssignmentLogs_EntityType_EntityId" ON "AssignmentLogs" ("EntityType", "EntityId");
2026-08-10 11:00:09.726 +05:30 [INF] Executed DbCommand (0ms) [Parameters=[], CommandType='"Text"', CommandTimeout='30']
CREATE INDEX "IX_AuditLogs_CreatedAt" ON "AuditLogs" ("CreatedAt");
2026-08-10 11:00:09.729 +05:30 [INF] Executed DbCommand (0ms) [Parameters=[], CommandType='"Text"', CommandTimeout='30']
CREATE INDEX "IX_AuditLogs_EntityName" ON "AuditLogs" ("EntityName");
2026-08-10 11:00:09.732 +05:30 [INF] Executed DbCommand (0ms) [Parameters=[], CommandType='"Text"', CommandTimeout='30']
CREATE INDEX "IX_AuditLogs_UserId" ON "AuditLogs" ("UserId");
2026-08-10 11:00:09.735 +05:30 [INF] Executed DbCommand (0ms) [Parameters=[], CommandType='"Text"', CommandTimeout='30']
CREATE INDEX "IX_BankEligibilityLines_BankId" ON "BankEligibilityLines" ("BankId");
2026-08-10 11:00:09.738 +05:30 [INF] Executed DbCommand (0ms) [Parameters=[], CommandType='"Text"', CommandTimeout='30']
CREATE INDEX "IX_BankEligibilityLines_CategoryId" ON "BankEligibilityLines" ("CategoryId");
2026-08-10 11:00:09.741 +05:30 [INF] Executed DbCommand (0ms) [Parameters=[], CommandType='"Text"', CommandTimeout='30']
CREATE INDEX "IX_BankEligibilityLines_CompanyId" ON "BankEligibilityLines" ("CompanyId");
2026-08-10 11:00:09.744 +05:30 [INF] Executed DbCommand (0ms) [Parameters=[], CommandType='"Text"', CommandTimeout='30']
CREATE UNIQUE INDEX "IX_Banks_BankName_Unique_Active" ON "Banks" ("BankName") WHERE "IsDeleted" = false;
2026-08-10 11:00:09.747 +05:30 [INF] Executed DbCommand (0ms) [Parameters=[], CommandType='"Text"', CommandTimeout='30']
CREATE INDEX "IX_BureauAccounts_BureauReportId" ON "BureauAccounts" ("BureauReportId");
2026-08-10 11:00:09.750 +05:30 [INF] Executed DbCommand (0ms) [Parameters=[], CommandType='"Text"', CommandTimeout='30']
CREATE INDEX "IX_BureauAddresses_BureauReportId" ON "BureauAddresses" ("BureauReportId");
2026-08-10 11:00:09.752 +05:30 [INF] Executed DbCommand (0ms) [Parameters=[], CommandType='"Text"', CommandTimeout='30']
CREATE INDEX "IX_BureauEmailAddresses_BureauReportId" ON "BureauEmailAddresses" ("BureauReportId");
2026-08-10 11:00:09.755 +05:30 [INF] Executed DbCommand (0ms) [Parameters=[], CommandType='"Text"', CommandTimeout='30']
CREATE INDEX "IX_BureauEmployments_BureauReportId" ON "BureauEmployments" ("BureauReportId");
2026-08-10 11:00:09.757 +05:30 [INF] Executed DbCommand (0ms) [Parameters=[], CommandType='"Text"', CommandTimeout='30']
CREATE INDEX "IX_BureauEnquiries_BureauReportId" ON "BureauEnquiries" ("BureauReportId");
2026-08-10 11:00:09.760 +05:30 [INF] Executed DbCommand (0ms) [Parameters=[], CommandType='"Text"', CommandTimeout='30']
CREATE INDEX "IX_BureauMobileNumbers_BureauReportId" ON "BureauMobileNumbers" ("BureauReportId");
2026-08-10 11:00:09.762 +05:30 [INF] Executed DbCommand (0ms) [Parameters=[], CommandType='"Text"', CommandTimeout='30']
CREATE INDEX "IX_BureauPaymentHistories_BureauAccountId_ReportMonth" ON "BureauPaymentHistories" ("BureauAccountId", "ReportMonth");
2026-08-10 11:00:09.765 +05:30 [INF] Executed DbCommand (0ms) [Parameters=[], CommandType='"Text"', CommandTimeout='30']
CREATE INDEX "IX_BureauReports_CustomerId" ON "BureauReports" ("CustomerId");
2026-08-10 11:00:09.768 +05:30 [INF] Executed DbCommand (0ms) [Parameters=[], CommandType='"Text"', CommandTimeout='30']
CREATE UNIQUE INDEX "IX_Customers_Email" ON "Customers" ("Email");
2026-08-10 11:00:09.771 +05:30 [INF] Executed DbCommand (0ms) [Parameters=[], CommandType='"Text"', CommandTimeout='30']
CREATE UNIQUE INDEX "IX_Customers_PanNumber" ON "Customers" ("PanNumber");
2026-08-10 11:00:09.773 +05:30 [INF] Executed DbCommand (0ms) [Parameters=[], CommandType='"Text"', CommandTimeout='30']
CREATE INDEX "IX_DsaDocuments_DsaPartnerId" ON "DsaDocuments" ("DsaPartnerId");
2026-08-10 11:00:09.775 +05:30 [INF] Executed DbCommand (0ms) [Parameters=[], CommandType='"Text"', CommandTimeout='30']
CREATE INDEX "IX_DsaPartners_LinkedUserId" ON "DsaPartners" ("LinkedUserId");
2026-08-10 11:00:09.778 +05:30 [INF] Executed DbCommand (0ms) [Parameters=[], CommandType='"Text"', CommandTimeout='30']
CREATE INDEX "IX_DsaPartners_MappedDsaId" ON "DsaPartners" ("MappedDsaId");
2026-08-10 11:00:09.780 +05:30 [INF] Executed DbCommand (0ms) [Parameters=[], CommandType='"Text"', CommandTimeout='30']
CREATE INDEX "IX_DsaPartners_MappedSalesUserId" ON "DsaPartners" ("MappedSalesUserId");
2026-08-10 11:00:09.784 +05:30 [INF] Executed DbCommand (0ms) [Parameters=[], CommandType='"Text"', CommandTimeout='30']
CREATE UNIQUE INDEX "IX_EmailTemplates_TemplateKey" ON "EmailTemplates" ("TemplateKey") WHERE "IsDeleted" = false;
2026-08-10 11:00:09.787 +05:30 [INF] Executed DbCommand (0ms) [Parameters=[], CommandType='"Text"', CommandTimeout='30']
CREATE INDEX "IX_LenderEmailThreadEntries_LoanApplicationId" ON "LenderEmailThreadEntries" ("LoanApplicationId");
2026-08-10 11:00:09.789 +05:30 [INF] Executed DbCommand (0ms) [Parameters=[], CommandType='"Text"', CommandTimeout='30']
CREATE INDEX "IX_LoanDocuments_LoanId" ON "LoanDocuments" ("LoanId");
2026-08-10 11:00:09.792 +05:30 [INF] Executed DbCommand (0ms) [Parameters=[], CommandType='"Text"', CommandTimeout='30']
CREATE INDEX "IX_LoanObligations_LoanApplicationId" ON "LoanObligations" ("LoanApplicationId");
2026-08-10 11:00:09.794 +05:30 [INF] Executed DbCommand (0ms) [Parameters=[], CommandType='"Text"', CommandTimeout='30']
CREATE INDEX "IX_LoanOffers_LoanId" ON "LoanOffers" ("LoanId");
2026-08-10 11:00:09.797 +05:30 [INF] Executed DbCommand (0ms) [Parameters=[], CommandType='"Text"', CommandTimeout='30']
CREATE INDEX "IX_LoanReferences_LoanId" ON "LoanReferences" ("LoanId");
2026-08-10 11:00:09.800 +05:30 [INF] Executed DbCommand (0ms) [Parameters=[], CommandType='"Text"', CommandTimeout='30']
CREATE INDEX "IX_Loans_AssignedToUserId" ON "Loans" ("AssignedToUserId");
2026-08-10 11:00:09.803 +05:30 [INF] Executed DbCommand (0ms) [Parameters=[], CommandType='"Text"', CommandTimeout='30']
CREATE INDEX "IX_Loans_CreatedAt" ON "Loans" ("CreatedAt");
2026-08-10 11:00:09.806 +05:30 [INF] Executed DbCommand (0ms) [Parameters=[], CommandType='"Text"', CommandTimeout='30']
CREATE INDEX "IX_Loans_CreatedByUserId" ON "Loans" ("CreatedByUserId");
2026-08-10 11:00:09.808 +05:30 [INF] Executed DbCommand (0ms) [Parameters=[], CommandType='"Text"', CommandTimeout='30']
CREATE INDEX "IX_Loans_CustomerId" ON "Loans" ("CustomerId");
2026-08-10 11:00:09.811 +05:30 [INF] Executed DbCommand (0ms) [Parameters=[], CommandType='"Text"', CommandTimeout='30']
CREATE INDEX "IX_Loans_DsaId" ON "Loans" ("DsaId");
2026-08-10 11:00:09.814 +05:30 [INF] Executed DbCommand (0ms) [Parameters=[], CommandType='"Text"', CommandTimeout='30']
CREATE INDEX "IX_Loans_IncredApplicationId" ON "Loans" ("IncredApplicationId");
2026-08-10 11:00:09.817 +05:30 [INF] Executed DbCommand (0ms) [Parameters=[], CommandType='"Text"', CommandTimeout='30']
CREATE UNIQUE INDEX "IX_Loans_LoanNumber" ON "Loans" ("LoanNumber");
2026-08-10 11:00:09.820 +05:30 [INF] Executed DbCommand (0ms) [Parameters=[], CommandType='"Text"', CommandTimeout='30']
CREATE INDEX "IX_Loans_LocationId" ON "Loans" ("LocationId");
2026-08-10 11:00:09.823 +05:30 [INF] Executed DbCommand (0ms) [Parameters=[], CommandType='"Text"', CommandTimeout='30']
CREATE INDEX "IX_Loans_LoginUserId" ON "Loans" ("LoginUserId");
2026-08-10 11:00:09.826 +05:30 [INF] Executed DbCommand (0ms) [Parameters=[], CommandType='"Text"', CommandTimeout='30']
CREATE INDEX "IX_Loans_PartnerId" ON "Loans" ("PartnerId");
2026-08-10 11:00:09.829 +05:30 [INF] Executed DbCommand (0ms) [Parameters=[], CommandType='"Text"', CommandTimeout='30']
CREATE INDEX "IX_Loans_Status" ON "Loans" ("Status");
2026-08-10 11:00:09.832 +05:30 [INF] Executed DbCommand (0ms) [Parameters=[], CommandType='"Text"', CommandTimeout='30']
CREATE INDEX "IX_Loans_Status_CreatedAt" ON "Loans" ("Status", "CreatedAt");
2026-08-10 11:00:09.835 +05:30 [INF] Executed DbCommand (0ms) [Parameters=[], CommandType='"Text"', CommandTimeout='30']
CREATE INDEX "IX_LoanStatusHistories_ChangedByUserId" ON "LoanStatusHistories" ("ChangedByUserId");
2026-08-10 11:00:09.837 +05:30 [INF] Executed DbCommand (0ms) [Parameters=[], CommandType='"Text"', CommandTimeout='30']
CREATE INDEX "IX_LoanStatusHistories_LoanId" ON "LoanStatusHistories" ("LoanId");
2026-08-10 11:00:09.840 +05:30 [INF] Executed DbCommand (0ms) [Parameters=[], CommandType='"Text"', CommandTimeout='30']
CREATE INDEX "IX_LoginAttempts_Email_CreatedAt" ON "LoginAttempts" ("Email", "CreatedAt");
2026-08-10 11:00:09.842 +05:30 [INF] Executed DbCommand (0ms) [Parameters=[], CommandType='"Text"', CommandTimeout='30']
CREATE INDEX "IX_LoginAttempts_IpAddress_CreatedAt" ON "LoginAttempts" ("IpAddress", "CreatedAt");
2026-08-10 11:00:09.845 +05:30 [INF] Executed DbCommand (0ms) [Parameters=[], CommandType='"Text"', CommandTimeout='30']
CREATE UNIQUE INDEX "IX_PasswordResetTokens_TokenHash" ON "PasswordResetTokens" ("TokenHash");
2026-08-10 11:00:09.849 +05:30 [INF] Executed DbCommand (0ms) [Parameters=[], CommandType='"Text"', CommandTimeout='30']
CREATE INDEX "IX_PasswordResetTokens_UserId_IsUsed" ON "PasswordResetTokens" ("UserId", "IsUsed");
2026-08-10 11:00:09.853 +05:30 [INF] Executed DbCommand (0ms) [Parameters=[], CommandType='"Text"', CommandTimeout='30']
CREATE INDEX "IX_PayoutClaims_ClaimedByUserId" ON "PayoutClaims" ("ClaimedByUserId");
2026-08-10 11:00:09.855 +05:30 [INF] Executed DbCommand (0ms) [Parameters=[], CommandType='"Text"', CommandTimeout='30']
CREATE UNIQUE INDEX "IX_PayoutClaims_Loan_Claimant_Type_Unique" ON "PayoutClaims" ("LoanId", "ClaimedByUserId", "ClaimType") WHERE "IsDeleted" = false;
2026-08-10 11:00:09.858 +05:30 [INF] Executed DbCommand (0ms) [Parameters=[], CommandType='"Text"', CommandTimeout='30']
CREATE INDEX "IX_PayoutClaims_ProcessedByUserId" ON "PayoutClaims" ("ProcessedByUserId");
2026-08-10 11:00:09.861 +05:30 [INF] Executed DbCommand (0ms) [Parameters=[], CommandType='"Text"', CommandTimeout='30']
CREATE INDEX "IX_PayoutRules_LoanType" ON "PayoutRules" ("LoanType");
2026-08-10 11:00:09.865 +05:30 [INF] Executed DbCommand (0ms) [Parameters=[], CommandType='"Text"', CommandTimeout='30']
CREATE UNIQUE INDEX "IX_ProductOfferMatrices_ProductKey" ON "ProductOfferMatrices" ("ProductKey") WHERE "IsDeleted" = false;
2026-08-10 11:00:09.868 +05:30 [INF] Executed DbCommand (0ms) [Parameters=[], CommandType='"Text"', CommandTimeout='30']
CREATE UNIQUE INDEX "IX_RejectionReasons_Key" ON "RejectionReasons" ("Key") WHERE "IsDeleted" = false;
2026-08-10 11:00:09.871 +05:30 [INF] Executed DbCommand (0ms) [Parameters=[], CommandType='"Text"', CommandTimeout='30']
CREATE UNIQUE INDEX "IX_ReportTargets_TargetMonth_OrgWide_Unique" ON "ReportTargets" ("TargetMonth") WHERE "IsDeleted" = false AND "UserId" IS NULL AND "TeamId" IS NULL;
2026-08-10 11:00:09.874 +05:30 [INF] Executed DbCommand (0ms) [Parameters=[], CommandType='"Text"', CommandTimeout='30']
CREATE INDEX "IX_ScoreFactors_BureauReportId" ON "ScoreFactors" ("BureauReportId");
2026-08-10 11:00:09.876 +05:30 [INF] Executed DbCommand (0ms) [Parameters=[], CommandType='"Text"', CommandTimeout='30']
CREATE INDEX "IX_Tasks_AssignedToUserId" ON "Tasks" ("AssignedToUserId");
2026-08-10 11:00:09.880 +05:30 [INF] Executed DbCommand (0ms) [Parameters=[], CommandType='"Text"', CommandTimeout='30']
CREATE INDEX "IX_Tasks_CreatedByUserId" ON "Tasks" ("CreatedByUserId");
2026-08-10 11:00:09.891 +05:30 [INF] Executed DbCommand (0ms) [Parameters=[], CommandType='"Text"', CommandTimeout='30']
CREATE INDEX "IX_Tasks_LoanId" ON "Tasks" ("LoanId");
2026-08-10 11:00:09.893 +05:30 [INF] Executed DbCommand (0ms) [Parameters=[], CommandType='"Text"', CommandTimeout='30']
CREATE INDEX "IX_TeamMembers_TeamId" ON "TeamMembers" ("TeamId");
2026-08-10 11:00:09.896 +05:30 [INF] Executed DbCommand (0ms) [Parameters=[], CommandType='"Text"', CommandTimeout='30']
CREATE INDEX "IX_TeamMembers_UserId" ON "TeamMembers" ("UserId");
2026-08-10 11:00:09.901 +05:30 [INF] Executed DbCommand (0ms) [Parameters=[], CommandType='"Text"', CommandTimeout='30']
CREATE INDEX "IX_Teams_LocationId" ON "Teams" ("LocationId");
2026-08-10 11:00:09.905 +05:30 [INF] Executed DbCommand (0ms) [Parameters=[], CommandType='"Text"', CommandTimeout='30']
CREATE INDEX "IX_Teams_TeamLeadUserId" ON "Teams" ("TeamLeadUserId");
2026-08-10 11:00:09.908 +05:30 [INF] Executed DbCommand (0ms) [Parameters=[], CommandType='"Text"', CommandTimeout='30']
CREATE INDEX "IX_TicketComments_TicketId_CreatedAt" ON "TicketComments" ("TicketId", "CreatedAt");
2026-08-10 11:00:09.910 +05:30 [INF] Executed DbCommand (0ms) [Parameters=[], CommandType='"Text"', CommandTimeout='30']
CREATE INDEX "IX_TicketComments_UserId" ON "TicketComments" ("UserId");
2026-08-10 11:00:09.914 +05:30 [INF] Executed DbCommand (0ms) [Parameters=[], CommandType='"Text"', CommandTimeout='30']
CREATE INDEX "IX_Tickets_AssignedToUserId" ON "Tickets" ("AssignedToUserId");
2026-08-10 11:00:09.917 +05:30 [INF] Executed DbCommand (0ms) [Parameters=[], CommandType='"Text"', CommandTimeout='30']
CREATE INDEX "IX_Tickets_CreatedByUserId" ON "Tickets" ("CreatedByUserId");
2026-08-10 11:00:09.921 +05:30 [INF] Executed DbCommand (0ms) [Parameters=[], CommandType='"Text"', CommandTimeout='30']
CREATE INDEX "IX_Tickets_LoanId" ON "Tickets" ("LoanId");
2026-08-10 11:00:09.923 +05:30 [INF] Executed DbCommand (0ms) [Parameters=[], CommandType='"Text"', CommandTimeout='30']
CREATE INDEX "IX_TrackingEntries_CreatedByUserId" ON "TrackingEntries" ("CreatedByUserId");
2026-08-10 11:00:09.927 +05:30 [INF] Executed DbCommand (0ms) [Parameters=[], CommandType='"Text"', CommandTimeout='30']
CREATE INDEX "IX_TrackingEntries_LoanId" ON "TrackingEntries" ("LoanId");
2026-08-10 11:00:09.930 +05:30 [INF] Executed DbCommand (0ms) [Parameters=[], CommandType='"Text"', CommandTimeout='30']
CREATE INDEX "IX_TrackingEntries_LoanId_CreatedAt" ON "TrackingEntries" ("LoanId", "CreatedAt");
2026-08-10 11:00:09.933 +05:30 [INF] Executed DbCommand (0ms) [Parameters=[], CommandType='"Text"', CommandTimeout='30']
CREATE UNIQUE INDEX "IX_Users_Email" ON "Users" ("Email");
2026-08-10 11:00:09.936 +05:30 [INF] Executed DbCommand (0ms) [Parameters=[], CommandType='"Text"', CommandTimeout='30']
CREATE INDEX "IX_Users_LocationId" ON "Users" ("LocationId");
2026-08-10 11:00:10.392 +05:30 [INF] Executed DbCommand (3ms) [Parameters=[@u_Email='?' (Size = 14)], CommandType='"Text"', CommandTimeout='30']
SELECT "u"."Id", "u"."CreatedAt", "u"."Email", "u"."FailedLoginAttempts", "u"."FullName", "u"."IsActive", "u"."IsDeleted", "u"."LocationId", "u"."LocationName", "u"."LockedUntil", "u"."MustChangePassword", "u"."OpTeam", "u"."PasswordHash", "u"."PhoneNumber", "u"."PhotoData", "u"."RefreshToken", "u"."RefreshTokenExpiry", "u"."Role", "u"."SalesTeam", "u"."UpdatedAt"
FROM "Users" AS "u"
WHERE NOT ("u"."IsDeleted") AND "u"."Email" = @u_Email
LIMIT 1
2026-08-10 11:00:10.921 +05:30 [INF] Created default user: admin@efin.com
2026-08-10 11:00:10.926 +05:30 [INF] Executed DbCommand (0ms) [Parameters=[@u_Email='?' (Size = 16)], CommandType='"Text"', CommandTimeout='30']
SELECT "u"."Id", "u"."CreatedAt", "u"."Email", "u"."FailedLoginAttempts", "u"."FullName", "u"."IsActive", "u"."IsDeleted", "u"."LocationId", "u"."LocationName", "u"."LockedUntil", "u"."MustChangePassword", "u"."OpTeam", "u"."PasswordHash", "u"."PhoneNumber", "u"."PhotoData", "u"."RefreshToken", "u"."RefreshTokenExpiry", "u"."Role", "u"."SalesTeam", "u"."UpdatedAt"
FROM "Users" AS "u"
WHERE NOT ("u"."IsDeleted") AND "u"."Email" = @u_Email
LIMIT 1
2026-08-10 11:00:11.348 +05:30 [INF] Created default user: manager@efin.com
2026-08-10 11:00:11.349 +05:30 [INF] Executed DbCommand (0ms) [Parameters=[@u_Email='?' (Size = 14)], CommandType='"Text"', CommandTimeout='30']
SELECT "u"."Id", "u"."CreatedAt", "u"."Email", "u"."FailedLoginAttempts", "u"."FullName", "u"."IsActive", "u"."IsDeleted", "u"."LocationId", "u"."LocationName", "u"."LockedUntil", "u"."MustChangePassword", "u"."OpTeam", "u"."PasswordHash", "u"."PhoneNumber", "u"."PhotoData", "u"."RefreshToken", "u"."RefreshTokenExpiry", "u"."Role", "u"."SalesTeam", "u"."UpdatedAt"
FROM "Users" AS "u"
WHERE NOT ("u"."IsDeleted") AND "u"."Email" = @u_Email
LIMIT 1
2026-08-10 11:00:11.862 +05:30 [INF] Created default user: sales@efin.com
2026-08-10 11:00:11.975 +05:30 [INF] Executed DbCommand (2ms) [Parameters=[@p0='?' (DbType = DateTime), @p1='?' (Size = 14), @p2='?' (DbType = Int32), @p3='?' (Size = 12), @p4='?' (DbType = Boolean), @p5='?' (DbType = Boolean), @p6='?' (DbType = Int32), @p7='?', @p8='?' (DbType = DateTime), @p9='?' (DbType = Boolean), @p10='?', @p11='?' (Size = 60), @p12='?', @p13='?', @p14='?', @p15='?' (DbType = DateTime), @p16='?' (Size = 5), @p17='?', @p18='?' (DbType = DateTime)], CommandType='"Text"', CommandTimeout='30']
INSERT INTO "Users" ("CreatedAt", "Email", "FailedLoginAttempts", "FullName", "IsActive", "IsDeleted", "LocationId", "LocationName", "LockedUntil", "MustChangePassword", "OpTeam", "PasswordHash", "PhoneNumber", "PhotoData", "RefreshToken", "RefreshTokenExpiry", "Role", "SalesTeam", "UpdatedAt")
VALUES (@p0, @p1, @p2, @p3, @p4, @p5, @p6, @p7, @p8, @p9, @p10, @p11, @p12, @p13, @p14, @p15, @p16, @p17, @p18)
RETURNING "Id";
2026-08-10 11:00:11.997 +05:30 [INF] Executed DbCommand (0ms) [Parameters=[@p0='?' (DbType = DateTime), @p1='?' (Size = 16), @p2='?' (DbType = Int32), @p3='?' (Size = 15), @p4='?' (DbType = Boolean), @p5='?' (DbType = Boolean), @p6='?' (DbType = Int32), @p7='?', @p8='?' (DbType = DateTime), @p9='?' (DbType = Boolean), @p10='?', @p11='?' (Size = 60), @p12='?', @p13='?', @p14='?', @p15='?' (DbType = DateTime), @p16='?' (Size = 7), @p17='?', @p18='?' (DbType = DateTime)], CommandType='"Text"', CommandTimeout='30']
INSERT INTO "Users" ("CreatedAt", "Email", "FailedLoginAttempts", "FullName", "IsActive", "IsDeleted", "LocationId", "LocationName", "LockedUntil", "MustChangePassword", "OpTeam", "PasswordHash", "PhoneNumber", "PhotoData", "RefreshToken", "RefreshTokenExpiry", "Role", "SalesTeam", "UpdatedAt")
VALUES (@p0, @p1, @p2, @p3, @p4, @p5, @p6, @p7, @p8, @p9, @p10, @p11, @p12, @p13, @p14, @p15, @p16, @p17, @p18)
RETURNING "Id";
2026-08-10 11:00:12.001 +05:30 [INF] Executed DbCommand (0ms) [Parameters=[@p0='?' (DbType = DateTime), @p1='?' (Size = 14), @p2='?' (DbType = Int32), @p3='?' (Size = 13), @p4='?' (DbType = Boolean), @p5='?' (DbType = Boolean), @p6='?' (DbType = Int32), @p7='?', @p8='?' (DbType = DateTime), @p9='?' (DbType = Boolean), @p10='?', @p11='?' (Size = 60), @p12='?', @p13='?', @p14='?', @p15='?' (DbType = DateTime), @p16='?' (Size = 5), @p17='?', @p18='?' (DbType = DateTime)], CommandType='"Text"', CommandTimeout='30']
INSERT INTO "Users" ("CreatedAt", "Email", "FailedLoginAttempts", "FullName", "IsActive", "IsDeleted", "LocationId", "LocationName", "LockedUntil", "MustChangePassword", "OpTeam", "PasswordHash", "PhoneNumber", "PhotoData", "RefreshToken", "RefreshTokenExpiry", "Role", "SalesTeam", "UpdatedAt")
VALUES (@p0, @p1, @p2, @p3, @p4, @p5, @p6, @p7, @p8, @p9, @p10, @p11, @p12, @p13, @p14, @p15, @p16, @p17, @p18)
RETURNING "Id";
2026-08-10 11:00:12.015 +05:30 [INF] Seed users created.
2026-08-10 11:00:12.031 +05:30 [INF] Executed DbCommand (0ms) [Parameters=[], CommandType='"Text"', CommandTimeout='30']
SELECT EXISTS (
    SELECT 1
    FROM "PayoutRules" AS "p")
2026-08-10 11:00:12.088 +05:30 [INF] Executed DbCommand (0ms) [Parameters=[@p0='?' (DbType = DateTime), @p1='?' (DbType = Boolean), @p2='?' (DbType = Boolean), @p3='?' (Size = 13), @p4='?' (DbType = Decimal), @p5='?' (DbType = Decimal), @p6='?' (Size = 19), @p7='?' (DbType = Decimal), @p8='?' (DbType = DateTime)], CommandType='"Text"', CommandTimeout='30']
INSERT INTO "PayoutRules" ("CreatedAt", "IsActive", "IsDeleted", "LoanType", "MaxPayout", "MinPayout", "Notes", "Percentage", "UpdatedAt")
VALUES (@p0, @p1, @p2, @p3, @p4, @p5, @p6, @p7, @p8)
RETURNING "Id";
2026-08-10 11:00:12.092 +05:30 [INF] Executed DbCommand (0ms) [Parameters=[@p0='?' (DbType = DateTime), @p1='?' (DbType = Boolean), @p2='?' (DbType = Boolean), @p3='?' (Size = 13), @p4='?' (DbType = Decimal), @p5='?' (DbType = Decimal), @p6='?' (Size = 17), @p7='?' (DbType = Decimal), @p8='?' (DbType = DateTime)], CommandType='"Text"', CommandTimeout='30']
INSERT INTO "PayoutRules" ("CreatedAt", "IsActive", "IsDeleted", "LoanType", "MaxPayout", "MinPayout", "Notes", "Percentage", "UpdatedAt")
VALUES (@p0, @p1, @p2, @p3, @p4, @p5, @p6, @p7, @p8)
RETURNING "Id";
2026-08-10 11:00:12.096 +05:30 [INF] Executed DbCommand (0ms) [Parameters=[@p0='?' (DbType = DateTime), @p1='?' (DbType = Boolean), @p2='?' (DbType = Boolean), @p3='?' (Size = 9), @p4='?' (DbType = Decimal), @p5='?' (DbType = Decimal), @p6='?' (Size = 19), @p7='?' (DbType = Decimal), @p8='?' (DbType = DateTime)], CommandType='"Text"', CommandTimeout='30']
INSERT INTO "PayoutRules" ("CreatedAt", "IsActive", "IsDeleted", "LoanType", "MaxPayout", "MinPayout", "Notes", "Percentage", "UpdatedAt")
VALUES (@p0, @p1, @p2, @p3, @p4, @p5, @p6, @p7, @p8)
RETURNING "Id";
2026-08-10 11:00:12.099 +05:30 [INF] Executed DbCommand (0ms) [Parameters=[@p0='?' (DbType = DateTime), @p1='?' (DbType = Boolean), @p2='?' (DbType = Boolean), @p3='?' (Size = 12), @p4='?' (DbType = Decimal), @p5='?' (DbType = Decimal), @p6='?' (Size = 19), @p7='?' (DbType = Decimal), @p8='?' (DbType = DateTime)], CommandType='"Text"', CommandTimeout='30']
INSERT INTO "PayoutRules" ("CreatedAt", "IsActive", "IsDeleted", "LoanType", "MaxPayout", "MinPayout", "Notes", "Percentage", "UpdatedAt")
VALUES (@p0, @p1, @p2, @p3, @p4, @p5, @p6, @p7, @p8)
RETURNING "Id";
2026-08-10 11:00:12.102 +05:30 [INF] Executed DbCommand (0ms) [Parameters=[@p0='?' (DbType = DateTime), @p1='?' (DbType = Boolean), @p2='?' (DbType = Boolean), @p3='?' (Size = 14), @p4='?' (DbType = Decimal), @p5='?' (DbType = Decimal), @p6='?' (Size = 13), @p7='?' (DbType = Decimal), @p8='?' (DbType = DateTime)], CommandType='"Text"', CommandTimeout='30']
INSERT INTO "PayoutRules" ("CreatedAt", "IsActive", "IsDeleted", "LoanType", "MaxPayout", "MinPayout", "Notes", "Percentage", "UpdatedAt")
VALUES (@p0, @p1, @p2, @p3, @p4, @p5, @p6, @p7, @p8)
RETURNING "Id";
2026-08-10 11:00:12.104 +05:30 [INF] Executed DbCommand (0ms) [Parameters=[@p0='?' (DbType = DateTime), @p1='?' (DbType = Boolean), @p2='?' (DbType = Boolean), @p3='?' (Size = 9), @p4='?' (DbType = Decimal), @p5='?' (DbType = Decimal), @p6='?' (Size = 13), @p7='?' (DbType = Decimal), @p8='?' (DbType = DateTime)], CommandType='"Text"', CommandTimeout='30']
INSERT INTO "PayoutRules" ("CreatedAt", "IsActive", "IsDeleted", "LoanType", "MaxPayout", "MinPayout", "Notes", "Percentage", "UpdatedAt")
VALUES (@p0, @p1, @p2, @p3, @p4, @p5, @p6, @p7, @p8)
RETURNING "Id";
2026-08-10 11:00:12.110 +05:30 [INF] Payout rules seeded.
2026-08-10 11:00:12.111 +05:30 [INF] Database ready. Provider=sqlite
2026-08-10 11:00:12.355 +05:30 [INF] LoanMS API started | DB=sqlite | AI=OFF (none) | Redis=OFF | Env=Development
2026-08-10 11:00:12.497 +05:30 [INF] Now listening on: http://localhost:7070
2026-08-10 11:00:12.499 +05:30 [INF] Application started. Press Ctrl+C to shut down.
2026-08-10 11:00:12.501 +05:30 [INF] Hosting environment: Development
2026-08-10 11:00:12.503 +05:30 [INF] Content root path: C:\Users\Aakash Gupta\Downloads\LoanMS-Final-Updated\LoanMS.API
2026-08-10 11:00:17.517 +05:30 [INF] Request starting HTTP/1.1 GET http://localhost:7070/ - null null
2026-08-10 11:00:17.693 +05:30 [INF] No cached response available for this request.
2026-08-10 11:00:17.820 +05:30 [INF] Executing endpoint 'Fallback {*path:nonfile}'
2026-08-10 11:00:17.921 +05:30 [INF] Sending file. Request path: '/index.html'. Physical path: 'C:\Users\Aakash Gupta\Downloads\LoanMS-Final-Updated\LoanMS.API\wwwroot\index.html'
2026-08-10 11:00:17.926 +05:30 [INF] Executed endpoint 'Fallback {*path:nonfile}'
2026-08-10 11:00:17.931 +05:30 [INF] Request starting HTTP/1.1 GET http://localhost:7070/css/efin-improvements.css - null null
2026-08-10 11:00:17.933 +05:30 [INF] Request starting HTTP/1.1 GET http://localhost:7070/js/session-preload.js - null null
2026-08-10 11:00:17.934 +05:30 [INF] The response could not be cached for this request.
2026-08-10 11:00:17.937 +05:30 [INF] Request starting HTTP/1.1 GET http://localhost:7070/css/efin-animations.css - null null
2026-08-10 11:00:17.937 +05:30 [INF] Request starting HTTP/1.1 GET http://localhost:7070/css/inline-patches.css - null null
2026-08-10 11:00:17.938 +05:30 [INF] Request starting HTTP/1.1 GET http://localhost:7070/css/efin-loading.css - null null
2026-08-10 11:00:17.956 +05:30 [INF] Sending file. Request path: '/js/session-preload.js'. Physical path: 'C:\Users\Aakash Gupta\Downloads\LoanMS-Final-Updated\LoanMS.API\wwwroot\js\session-preload.js'
2026-08-10 11:00:17.956 +05:30 [INF] Sending file. Request path: '/css/efin-improvements.css'. Physical path: 'C:\Users\Aakash Gupta\Downloads\LoanMS-Final-Updated\LoanMS.API\wwwroot\css\efin-improvements.css'
2026-08-10 11:00:17.957 +05:30 [INF] HTTP GET /index.html → 200 in 271.4ms
2026-08-10 11:00:17.960 +05:30 [INF] Sending file. Request path: '/css/efin-animations.css'. Physical path: 'C:\Users\Aakash Gupta\Downloads\LoanMS-Final-Updated\LoanMS.API\wwwroot\css\efin-animations.css'
2026-08-10 11:00:17.963 +05:30 [INF] Sending file. Request path: '/css/inline-patches.css'. Physical path: 'C:\Users\Aakash Gupta\Downloads\LoanMS-Final-Updated\LoanMS.API\wwwroot\css\inline-patches.css'
2026-08-10 11:00:17.967 +05:30 [INF] Sending file. Request path: '/css/efin-loading.css'. Physical path: 'C:\Users\Aakash Gupta\Downloads\LoanMS-Final-Updated\LoanMS.API\wwwroot\css\efin-loading.css'
2026-08-10 11:00:17.968 +05:30 [INF] HTTP GET /js/session-preload.js → 200 in 19.8ms
2026-08-10 11:00:17.970 +05:30 [INF] HTTP GET /css/efin-improvements.css → 200 in 21.8ms
2026-08-10 11:00:17.973 +05:30 [INF] HTTP GET /css/efin-animations.css → 200 in 14.5ms
2026-08-10 11:00:17.974 +05:30 [INF] HTTP GET /css/inline-patches.css → 200 in 12.6ms
2026-08-10 11:00:17.975 +05:30 [INF] Request finished HTTP/1.1 GET http://localhost:7070/index.html - 200 672231 text/html 462.2398ms
2026-08-10 11:00:17.976 +05:30 [INF] HTTP GET /css/efin-loading.css → 200 in 9.9ms
2026-08-10 11:00:17.979 +05:30 [INF] Request finished HTTP/1.1 GET http://localhost:7070/js/session-preload.js - 200 868 text/javascript 45.4289ms
2026-08-10 11:00:17.980 +05:30 [INF] Request finished HTTP/1.1 GET http://localhost:7070/css/efin-improvements.css - 200 45466 text/css 48.6855ms
2026-08-10 11:00:17.983 +05:30 [INF] Request finished HTTP/1.1 GET http://localhost:7070/css/efin-animations.css - 200 5282 text/css 45.6102ms
2026-08-10 11:00:17.985 +05:30 [INF] Request finished HTTP/1.1 GET http://localhost:7070/css/inline-patches.css - 200 647 text/css 47.8306ms
2026-08-10 11:00:17.991 +05:30 [INF] Request starting HTTP/1.1 GET http://localhost:7070/css/app.css?v=2 - null null
2026-08-10 11:00:17.991 +05:30 [INF] Request finished HTTP/1.1 GET http://localhost:7070/css/efin-loading.css - 200 8661 text/css 52.78ms
2026-08-10 11:00:17.995 +05:30 [INF] Request starting HTTP/1.1 GET http://localhost:7070/css/payout.css - null null
2026-08-10 11:00:17.998 +05:30 [INF] Request starting HTTP/1.1 GET http://localhost:7070/js/pfv9-modal.js - null null
2026-08-10 11:00:18.001 +05:30 [INF] Request starting HTTP/1.1 GET http://localhost:7070/js/pdf.min.js - null null
2026-08-10 11:00:18.005 +05:30 [INF] Request starting HTTP/1.1 GET http://localhost:7070/js/boot.js - null null
2026-08-10 11:00:18.011 +05:30 [INF] Request starting HTTP/1.1 GET http://localhost:7070/js/error-handler.js - null null
2026-08-10 11:00:18.011 +05:30 [INF] Sending file. Request path: '/css/app.css'. Physical path: 'C:\Users\Aakash Gupta\Downloads\LoanMS-Final-Updated\LoanMS.API\wwwroot\css\app.css'
2026-08-10 11:00:18.016 +05:30 [INF] Sending file. Request path: '/css/payout.css'. Physical path: 'C:\Users\Aakash Gupta\Downloads\LoanMS-Final-Updated\LoanMS.API\wwwroot\css\payout.css'
2026-08-10 11:00:18.019 +05:30 [INF] Sending file. Request path: '/js/pfv9-modal.js'. Physical path: 'C:\Users\Aakash Gupta\Downloads\LoanMS-Final-Updated\LoanMS.API\wwwroot\js\pfv9-modal.js'
2026-08-10 11:00:18.023 +05:30 [INF] Sending file. Request path: '/js/pdf.min.js'. Physical path: 'C:\Users\Aakash Gupta\Downloads\LoanMS-Final-Updated\LoanMS.API\wwwroot\js\pdf.min.js'
2026-08-10 11:00:18.025 +05:30 [INF] Sending file. Request path: '/js/boot.js'. Physical path: 'C:\Users\Aakash Gupta\Downloads\LoanMS-Final-Updated\LoanMS.API\wwwroot\js\boot.js'
2026-08-10 11:00:18.029 +05:30 [INF] Sending file. Request path: '/js/error-handler.js'. Physical path: 'C:\Users\Aakash Gupta\Downloads\LoanMS-Final-Updated\LoanMS.API\wwwroot\js\error-handler.js'
2026-08-10 11:00:18.029 +05:30 [INF] HTTP GET /css/app.css → 200 in 21.1ms
2026-08-10 11:00:18.032 +05:30 [INF] HTTP GET /css/payout.css → 200 in 17.7ms
2026-08-10 11:00:18.034 +05:30 [INF] HTTP GET /js/pfv9-modal.js → 200 in 15.7ms
2026-08-10 11:00:18.035 +05:30 [INF] HTTP GET /js/pdf.min.js → 200 in 14.1ms
2026-08-10 11:00:18.037 +05:30 [INF] HTTP GET /js/boot.js → 200 in 12.2ms
2026-08-10 11:00:18.038 +05:30 [INF] HTTP GET /js/error-handler.js → 200 in 10.2ms
2026-08-10 11:00:18.040 +05:30 [INF] Request finished HTTP/1.1 GET http://localhost:7070/css/app.css?v=2 - 200 293089 text/css 49.5883ms
2026-08-10 11:00:18.042 +05:30 [INF] Request finished HTTP/1.1 GET http://localhost:7070/css/payout.css - 200 5616 text/css 47.2574ms
2026-08-10 11:00:18.044 +05:30 [INF] Request finished HTTP/1.1 GET http://localhost:7070/js/pfv9-modal.js - 200 1283 text/javascript 46.3176ms
2026-08-10 11:00:18.046 +05:30 [INF] Request finished HTTP/1.1 GET http://localhost:7070/js/pdf.min.js - 200 320004 text/javascript 45.2317ms
2026-08-10 11:00:18.049 +05:30 [INF] Request finished HTTP/1.1 GET http://localhost:7070/js/boot.js - 200 6559 text/javascript 44.3295ms
2026-08-10 11:00:18.051 +05:30 [INF] Request finished HTTP/1.1 GET http://localhost:7070/js/error-handler.js - 200 331 text/javascript 39.8798ms
2026-08-10 11:00:18.055 +05:30 [INF] Request starting HTTP/1.1 GET http://localhost:7070/js/credential-seed.js - null null
2026-08-10 11:00:18.058 +05:30 [INF] Request starting HTTP/1.1 GET http://localhost:7070/js/login-helpers.js - null null
2026-08-10 11:00:18.062 +05:30 [INF] Request starting HTTP/1.1 GET http://localhost:7070/js/efin-app.js?v=59 - null null
2026-08-10 11:00:18.066 +05:30 [INF] Request starting HTTP/1.1 GET http://localhost:7070/js/kyc.js?v=43 - null null
2026-08-10 11:00:18.069 +05:30 [INF] Request starting HTTP/1.1 GET http://localhost:7070/js/user-profile.js - null null
2026-08-10 11:00:18.072 +05:30 [INF] Request starting HTTP/1.1 GET http://localhost:7070/js/tasks.js - null null
2026-08-10 11:00:18.075 +05:30 [INF] Sending file. Request path: '/js/credential-seed.js'. Physical path: 'C:\Users\Aakash Gupta\Downloads\LoanMS-Final-Updated\LoanMS.API\wwwroot\js\credential-seed.js'
2026-08-10 11:00:18.079 +05:30 [INF] Sending file. Request path: '/js/login-helpers.js'. Physical path: 'C:\Users\Aakash Gupta\Downloads\LoanMS-Final-Updated\LoanMS.API\wwwroot\js\login-helpers.js'
2026-08-10 11:00:18.088 +05:30 [INF] Sending file. Request path: '/js/kyc.js'. Physical path: 'C:\Users\Aakash Gupta\Downloads\LoanMS-Final-Updated\LoanMS.API\wwwroot\js\kyc.js'
2026-08-10 11:00:18.092 +05:30 [INF] Sending file. Request path: '/js/user-profile.js'. Physical path: 'C:\Users\Aakash Gupta\Downloads\LoanMS-Final-Updated\LoanMS.API\wwwroot\js\user-profile.js'
2026-08-10 11:00:18.095 +05:30 [INF] Sending file. Request path: '/js/tasks.js'. Physical path: 'C:\Users\Aakash Gupta\Downloads\LoanMS-Final-Updated\LoanMS.API\wwwroot\js\tasks.js'
2026-08-10 11:00:18.096 +05:30 [INF] HTTP GET /js/credential-seed.js → 200 in 21.5ms
2026-08-10 11:00:18.099 +05:30 [INF] HTTP GET /js/login-helpers.js → 200 in 20.7ms
2026-08-10 11:00:18.104 +05:30 [INF] Sending file. Request path: '/js/efin-app.js'. Physical path: 'C:\Users\Aakash Gupta\Downloads\LoanMS-Final-Updated\LoanMS.API\wwwroot\js\efin-app.js'
2026-08-10 11:00:18.115 +05:30 [INF] HTTP GET /js/kyc.js → 200 in 28.9ms
2026-08-10 11:00:18.121 +05:30 [INF] HTTP GET /js/user-profile.js → 200 in 30.4ms
2026-08-10 11:00:18.140 +05:30 [INF] HTTP GET /js/tasks.js → 200 in 45.0ms
2026-08-10 11:00:18.142 +05:30 [INF] Request finished HTTP/1.1 GET http://localhost:7070/js/credential-seed.js - 200 1416 text/javascript 87.3964ms
2026-08-10 11:00:18.144 +05:30 [INF] Request finished HTTP/1.1 GET http://localhost:7070/js/login-helpers.js - 200 4811 text/javascript 86.8495ms
2026-08-10 11:00:18.146 +05:30 [INF] HTTP GET /js/efin-app.js → 200 in 63.6ms
2026-08-10 11:00:18.154 +05:30 [INF] Request finished HTTP/1.1 GET http://localhost:7070/js/kyc.js?v=43 - 200 88174 text/javascript 88.1895ms
2026-08-10 11:00:18.156 +05:30 [INF] Request finished HTTP/1.1 GET http://localhost:7070/js/user-profile.js - 200 31905 text/javascript 87.2428ms
2026-08-10 11:00:18.158 +05:30 [INF] Request finished HTTP/1.1 GET http://localhost:7070/js/tasks.js - 200 4073 text/javascript 86.2658ms
2026-08-10 11:00:18.162 +05:30 [INF] Request starting HTTP/1.1 GET http://localhost:7070/js/efin-improvements.js?v=2 - null null
2026-08-10 11:00:18.166 +05:30 [INF] Request starting HTTP/1.1 GET http://localhost:7070/js/incred-rm.js - null null
2026-08-10 11:00:18.168 +05:30 [INF] Request finished HTTP/1.1 GET http://localhost:7070/js/efin-app.js?v=59 - 200 2492985 text/javascript 106.266ms
2026-08-10 11:00:18.172 +05:30 [INF] Request starting HTTP/1.1 GET http://localhost:7070/js/product-offer-matrix.js - null null
2026-08-10 11:00:18.175 +05:30 [INF] Request starting HTTP/1.1 GET http://localhost:7070/js/rejection-reasons.js - null null
2026-08-10 11:00:18.179 +05:30 [INF] Request starting HTTP/1.1 GET http://localhost:7070/js/pdfjs-config.js - null null
2026-08-10 11:00:18.183 +05:30 [INF] Sending file. Request path: '/js/efin-improvements.js'. Physical path: 'C:\Users\Aakash Gupta\Downloads\LoanMS-Final-Updated\LoanMS.API\wwwroot\js\efin-improvements.js'
2026-08-10 11:00:18.186 +05:30 [INF] Sending file. Request path: '/js/incred-rm.js'. Physical path: 'C:\Users\Aakash Gupta\Downloads\LoanMS-Final-Updated\LoanMS.API\wwwroot\js\incred-rm.js'
2026-08-10 11:00:18.189 +05:30 [INF] Request starting HTTP/1.1 GET http://localhost:7070/js/perfios-init.js - null null
2026-08-10 11:00:18.192 +05:30 [INF] Sending file. Request path: '/js/product-offer-matrix.js'. Physical path: 'C:\Users\Aakash Gupta\Downloads\LoanMS-Final-Updated\LoanMS.API\wwwroot\js\product-offer-matrix.js'
2026-08-10 11:00:18.196 +05:30 [INF] Sending file. Request path: '/js/rejection-reasons.js'. Physical path: 'C:\Users\Aakash Gupta\Downloads\LoanMS-Final-Updated\LoanMS.API\wwwroot\js\rejection-reasons.js'
2026-08-10 11:00:18.200 +05:30 [INF] Sending file. Request path: '/js/pdfjs-config.js'. Physical path: 'C:\Users\Aakash Gupta\Downloads\LoanMS-Final-Updated\LoanMS.API\wwwroot\js\pdfjs-config.js'
2026-08-10 11:00:18.201 +05:30 [INF] HTTP GET /js/efin-improvements.js → 200 in 18.7ms
2026-08-10 11:00:18.202 +05:30 [INF] HTTP GET /js/incred-rm.js → 200 in 17.4ms
2026-08-10 11:00:18.206 +05:30 [INF] Sending file. Request path: '/js/perfios-init.js'. Physical path: 'C:\Users\Aakash Gupta\Downloads\LoanMS-Final-Updated\LoanMS.API\wwwroot\js\perfios-init.js'
2026-08-10 11:00:18.206 +05:30 [INF] HTTP GET /js/product-offer-matrix.js → 200 in 14.3ms
2026-08-10 11:00:18.208 +05:30 [INF] HTTP GET /js/rejection-reasons.js → 200 in 13.1ms
2026-08-10 11:00:18.209 +05:30 [INF] HTTP GET /js/pdfjs-config.js → 200 in 10.2ms
2026-08-10 11:00:18.211 +05:30 [INF] Request finished HTTP/1.1 GET http://localhost:7070/js/efin-improvements.js?v=2 - 200 88621 text/javascript 48.746ms
2026-08-10 11:00:18.213 +05:30 [INF] Request finished HTTP/1.1 GET http://localhost:7070/js/incred-rm.js - 200 2568 text/javascript 46.9218ms
2026-08-10 11:00:18.215 +05:30 [INF] HTTP GET /js/perfios-init.js → 200 in 10.3ms
2026-08-10 11:00:18.217 +05:30 [INF] Request finished HTTP/1.1 GET http://localhost:7070/js/product-offer-matrix.js - 200 27251 text/javascript 45.6974ms
2026-08-10 11:00:18.219 +05:30 [INF] Request finished HTTP/1.1 GET http://localhost:7070/js/rejection-reasons.js - 200 26688 text/javascript 44.0857ms
2026-08-10 11:00:18.221 +05:30 [INF] Request finished HTTP/1.1 GET http://localhost:7070/js/pdfjs-config.js - 200 109 text/javascript 42.4576ms
2026-08-10 11:00:18.225 +05:30 [INF] Request starting HTTP/1.1 GET http://localhost:7070/js/perfios.js - null null
2026-08-10 11:00:18.228 +05:30 [INF] Request starting HTTP/1.1 GET http://localhost:7070/js/perfios-bank-bridge.js - null null
2026-08-10 11:00:18.231 +05:30 [INF] Request finished HTTP/1.1 GET http://localhost:7070/js/perfios-init.js - 200 5961 text/javascript 41.4076ms
2026-08-10 11:00:18.235 +05:30 [INF] Request starting HTTP/1.1 GET http://localhost:7070/js/auto-refresh.js - null null
2026-08-10 11:00:18.238 +05:30 [INF] Request starting HTTP/1.1 GET http://localhost:7070/js/cibil-view.js?v=8 - null null
2026-08-10 11:00:18.242 +05:30 [INF] Request starting HTTP/1.1 GET http://localhost:7070/js/ai-agent.js - null null
2026-08-10 11:00:18.246 +05:30 [INF] Sending file. Request path: '/js/perfios.js'. Physical path: 'C:\Users\Aakash Gupta\Downloads\LoanMS-Final-Updated\LoanMS.API\wwwroot\js\perfios.js'
2026-08-10 11:00:18.249 +05:30 [INF] Sending file. Request path: '/js/perfios-bank-bridge.js'. Physical path: 'C:\Users\Aakash Gupta\Downloads\LoanMS-Final-Updated\LoanMS.API\wwwroot\js\perfios-bank-bridge.js'
2026-08-10 11:00:18.253 +05:30 [INF] Request starting HTTP/1.1 GET http://localhost:7070/js/lender-email-workflow.js - null null
2026-08-10 11:00:18.257 +05:30 [INF] Sending file. Request path: '/js/auto-refresh.js'. Physical path: 'C:\Users\Aakash Gupta\Downloads\LoanMS-Final-Updated\LoanMS.API\wwwroot\js\auto-refresh.js'
2026-08-10 11:00:18.261 +05:30 [INF] Sending file. Request path: '/js/cibil-view.js'. Physical path: 'C:\Users\Aakash Gupta\Downloads\LoanMS-Final-Updated\LoanMS.API\wwwroot\js\cibil-view.js'
2026-08-10 11:00:18.264 +05:30 [INF] Sending file. Request path: '/js/ai-agent.js'. Physical path: 'C:\Users\Aakash Gupta\Downloads\LoanMS-Final-Updated\LoanMS.API\wwwroot\js\ai-agent.js'
2026-08-10 11:00:18.266 +05:30 [INF] HTTP GET /js/perfios.js → 200 in 20.9ms
2026-08-10 11:00:18.268 +05:30 [INF] HTTP GET /js/perfios-bank-bridge.js → 200 in 19.9ms
2026-08-10 11:00:18.271 +05:30 [INF] Sending file. Request path: '/js/lender-email-workflow.js'. Physical path: 'C:\Users\Aakash Gupta\Downloads\LoanMS-Final-Updated\LoanMS.API\wwwroot\js\lender-email-workflow.js'
2026-08-10 11:00:18.272 +05:30 [INF] HTTP GET /js/auto-refresh.js → 200 in 15.8ms
2026-08-10 11:00:18.273 +05:30 [INF] HTTP GET /js/cibil-view.js → 200 in 14.1ms
2026-08-10 11:00:18.275 +05:30 [INF] HTTP GET /js/ai-agent.js → 200 in 12.0ms
2026-08-10 11:00:18.277 +05:30 [INF] Request finished HTTP/1.1 GET http://localhost:7070/js/perfios.js - 200 188837 text/javascript 52.7655ms
2026-08-10 11:00:18.280 +05:30 [INF] Request finished HTTP/1.1 GET http://localhost:7070/js/perfios-bank-bridge.js - 200 1574 text/javascript 51.3013ms
2026-08-10 11:00:18.282 +05:30 [INF] HTTP GET /js/lender-email-workflow.js → 200 in 11.2ms
2026-08-10 11:00:18.285 +05:30 [INF] Request finished HTTP/1.1 GET http://localhost:7070/js/auto-refresh.js - 200 5514 text/javascript 49.9897ms
2026-08-10 11:00:18.287 +05:30 [INF] Request finished HTTP/1.1 GET http://localhost:7070/js/cibil-view.js?v=8 - 200 131608 text/javascript 48.4407ms
2026-08-10 11:00:18.289 +05:30 [INF] Request finished HTTP/1.1 GET http://localhost:7070/js/ai-agent.js - 200 74176 text/javascript 46.9639ms
2026-08-10 11:00:18.292 +05:30 [INF] Request starting HTTP/1.1 GET http://localhost:7070/js/api-bridge.js?v=4 - null null
2026-08-10 11:00:18.296 +05:30 [INF] Request starting HTTP/1.1 GET http://localhost:7070/js/reports-tabs.js - null null
2026-08-10 11:00:18.300 +05:30 [INF] Request finished HTTP/1.1 GET http://localhost:7070/js/lender-email-workflow.js - 200 62455 text/javascript 47.0898ms
2026-08-10 11:00:18.304 +05:30 [INF] Request starting HTTP/1.1 GET http://localhost:7070/js/perfios-renderer.js - null null
2026-08-10 11:00:18.308 +05:30 [INF] Request starting HTTP/1.1 GET http://localhost:7070/js/efin-animations.js - null null
2026-08-10 11:00:18.311 +05:30 [INF] Request starting HTTP/1.1 GET http://localhost:7070/js/efin-loader.js - null null
2026-08-10 11:00:18.316 +05:30 [INF] Sending file. Request path: '/js/api-bridge.js'. Physical path: 'C:\Users\Aakash Gupta\Downloads\LoanMS-Final-Updated\LoanMS.API\wwwroot\js\api-bridge.js'
2026-08-10 11:00:18.319 +05:30 [INF] Sending file. Request path: '/js/reports-tabs.js'. Physical path: 'C:\Users\Aakash Gupta\Downloads\LoanMS-Final-Updated\LoanMS.API\wwwroot\js\reports-tabs.js'
2026-08-10 11:00:18.326 +05:30 [INF] Sending file. Request path: '/js/perfios-renderer.js'. Physical path: 'C:\Users\Aakash Gupta\Downloads\LoanMS-Final-Updated\LoanMS.API\wwwroot\js\perfios-renderer.js'
2026-08-10 11:00:18.329 +05:30 [INF] Sending file. Request path: '/js/efin-animations.js'. Physical path: 'C:\Users\Aakash Gupta\Downloads\LoanMS-Final-Updated\LoanMS.API\wwwroot\js\efin-animations.js'
2026-08-10 11:00:18.334 +05:30 [INF] Sending file. Request path: '/js/efin-loader.js'. Physical path: 'C:\Users\Aakash Gupta\Downloads\LoanMS-Final-Updated\LoanMS.API\wwwroot\js\efin-loader.js'
2026-08-10 11:00:18.335 +05:30 [INF] HTTP GET /js/api-bridge.js → 200 in 21.2ms
2026-08-10 11:00:18.337 +05:30 [INF] HTTP GET /js/reports-tabs.js → 200 in 18.4ms
2026-08-10 11:00:18.338 +05:30 [INF] HTTP GET /js/perfios-renderer.js → 200 in 13.5ms
2026-08-10 11:00:18.340 +05:30 [INF] HTTP GET /js/efin-animations.js → 200 in 11.2ms
2026-08-10 11:00:18.341 +05:30 [INF] HTTP GET /js/efin-loader.js → 200 in 7.8ms
2026-08-10 11:00:18.344 +05:30 [INF] Request finished HTTP/1.1 GET http://localhost:7070/js/api-bridge.js?v=4 - 200 188548 text/javascript 52.1395ms
2026-08-10 11:00:18.348 +05:30 [INF] Request finished HTTP/1.1 GET http://localhost:7070/js/reports-tabs.js - 200 20590 text/javascript 51.1342ms
2026-08-10 11:00:18.352 +05:30 [INF] Request finished HTTP/1.1 GET http://localhost:7070/js/perfios-renderer.js - 200 64046 text/javascript 47.5478ms
2026-08-10 11:00:18.354 +05:30 [INF] Request finished HTTP/1.1 GET http://localhost:7070/js/efin-animations.js - 200 11034 text/javascript 46.8187ms
2026-08-10 11:00:18.357 +05:30 [INF] Request finished HTTP/1.1 GET http://localhost:7070/js/efin-loader.js - 200 8292 text/javascript 45.9912ms
2026-08-10 11:00:18.707 +05:30 [INF] Request starting HTTP/1.1 GET http://localhost:7070/api/settings/efin_logo - null null
2026-08-10 11:00:18.707 +05:30 [INF] Request starting HTTP/1.1 GET http://localhost:7070/api/settings/signin-logo - null null
2026-08-10 11:00:18.722 +05:30 [INF] Request starting HTTP/1.1 GET http://localhost:7070/api/expertexport/access - application/json null
2026-08-10 11:00:18.727 +05:30 [INF] No cached response available for this request.
2026-08-10 11:00:18.727 +05:30 [INF] No cached response available for this request.
2026-08-10 11:00:18.747 +05:30 [INF] Executing endpoint 'LoanMS.API.Controllers.SettingsController.GetSigninLogoPublic (LoanMS.API)'
2026-08-10 11:00:18.756 +05:30 [INF] Authorization failed. These requirements were not met:
DenyAnonymousAuthorizationRequirement: Requires an authenticated user.
2026-08-10 11:00:18.771 +05:30 [INF] AuthenticationScheme: Bearer was challenged.
2026-08-10 11:00:18.774 +05:30 [INF] The response could not be cached for this request.
2026-08-10 11:00:18.779 +05:30 [INF] HTTP GET /api/expertexport/access → 401 in 53.1ms
2026-08-10 11:00:18.783 +05:30 [INF] Request finished HTTP/1.1 GET http://localhost:7070/api/expertexport/access - 401 0 null 60.8713ms
2026-08-10 11:00:18.795 +05:30 [INF] Route matched with {action = "GetSigninLogoPublic", controller = "Settings"}. Executing controller action with signature System.Threading.Tasks.Task`1[Microsoft.AspNetCore.Mvc.IActionResult] GetSigninLogoPublic() on controller LoanMS.API.Controllers.SettingsController (LoanMS.API).
2026-08-10 11:00:18.878 +05:30 [INF] Failed to validate the token.
Microsoft.IdentityModel.Tokens.SecurityTokenExpiredException: IDX10223: Lifetime validation failed. The token is expired. ValidTo (UTC): '01-08-2026 13:51:55', Current time (UTC): '10-08-2026 05:30:18'.
   at Microsoft.IdentityModel.Tokens.ValidatorUtilities.ValidateLifetime(Nullable`1 notBefore, Nullable`1 expires, SecurityToken securityToken, TokenValidationParameters validationParameters)
   at Microsoft.IdentityModel.Tokens.Validators.ValidateLifetime(Nullable`1 notBefore, Nullable`1 expires, SecurityToken securityToken, TokenValidationParameters validationParameters)
   at Microsoft.IdentityModel.JsonWebTokens.JsonWebTokenHandler.ValidateTokenPayloadAsync(JsonWebToken jsonWebToken, TokenValidationParameters validationParameters, BaseConfiguration configuration)
   at Microsoft.IdentityModel.JsonWebTokens.JsonWebTokenHandler.ValidateJWSAsync(JsonWebToken jsonWebToken, TokenValidationParameters validationParameters, BaseConfiguration configuration)
2026-08-10 11:00:18.907 +05:30 [INF] Bearer was not authenticated. Failure message: IDX10223: Lifetime validation failed. The token is expired. ValidTo (UTC): '01-08-2026 13:51:55', Current time (UTC): '10-08-2026 05:30:18'.
2026-08-10 11:00:18.916 +05:30 [INF] Authorization failed. These requirements were not met:
RolesAuthorizationRequirement:User.IsInRole must be true for one of the following roles: (Admin)
2026-08-10 11:00:18.921 +05:30 [INF] Executed DbCommand (9ms) [Parameters=[], CommandType='"Text"', CommandTimeout='30']
SELECT "a"."Id", "a"."Category", "a"."CreatedAt", "a"."IsDeleted", "a"."Key", "a"."UpdatedAt", "a"."UserId", "a"."Value"
FROM "AppSettings" AS "a"
WHERE NOT ("a"."IsDeleted") AND "a"."Key" = 'efin_signin_logo'
LIMIT 1
2026-08-10 11:00:18.924 +05:30 [INF] AuthenticationScheme: Bearer was challenged.
2026-08-10 11:00:18.926 +05:30 [INF] HTTP GET /api/settings/efin_logo → 401 in 213.6ms
2026-08-10 11:00:18.932 +05:30 [INF] Request finished HTTP/1.1 GET http://localhost:7070/api/settings/efin_logo - 401 0 null 224.8496ms
2026-08-10 11:00:18.942 +05:30 [INF] Request starting HTTP/1.1 GET http://localhost:7070/api/settings/efin_banner_logo - null null
2026-08-10 11:00:18.958 +05:30 [INF] No cached response available for this request.
2026-08-10 11:00:18.962 +05:30 [INF] Executing OkObjectResult, writing value of type '<>f__AnonymousType108`1[[System.String, System.Private.CoreLib, Version=10.0.0.0, Culture=neutral, PublicKeyToken=7cec85d7bea7798e]]'.
2026-08-10 11:00:19.028 +05:30 [INF] Authorization failed. These requirements were not met:
RolesAuthorizationRequirement:User.IsInRole must be true for one of the following roles: (Admin)
2026-08-10 11:00:19.034 +05:30 [INF] AuthenticationScheme: Bearer was challenged.
2026-08-10 11:00:19.047 +05:30 [INF] The response could not be cached for this request.
2026-08-10 11:00:19.049 +05:30 [INF] HTTP GET /api/settings/efin_banner_logo → 401 in 91.3ms
2026-08-10 11:00:19.056 +05:30 [INF] Request finished HTTP/1.1 GET http://localhost:7070/api/settings/efin_banner_logo - 401 0 null 113.646ms
2026-08-10 11:00:19.085 +05:30 [INF] Request starting HTTP/1.1 GET http://localhost:7070/api/settings/efin_logo_icon_size - null null
2026-08-10 11:00:19.098 +05:30 [INF] No cached response available for this request.
2026-08-10 11:00:19.100 +05:30 [INF] Authorization failed. These requirements were not met:
RolesAuthorizationRequirement:User.IsInRole must be true for one of the following roles: (Admin)
2026-08-10 11:00:19.107 +05:30 [INF] AuthenticationScheme: Bearer was challenged.
2026-08-10 11:00:19.111 +05:30 [INF] The response could not be cached for this request.
2026-08-10 11:00:19.114 +05:30 [INF] HTTP GET /api/settings/efin_logo_icon_size → 401 in 16.6ms
2026-08-10 11:00:19.118 +05:30 [INF] Request finished HTTP/1.1 GET http://localhost:7070/api/settings/efin_logo_icon_size - 401 0 null 32.8299ms
2026-08-10 11:00:19.133 +05:30 [INF] Request starting HTTP/1.1 GET http://localhost:7070/api/settings/efin_logo_banner_size - null null
2026-08-10 11:00:19.139 +05:30 [INF] No cached response available for this request.
2026-08-10 11:00:19.142 +05:30 [INF] Authorization failed. These requirements were not met:
RolesAuthorizationRequirement:User.IsInRole must be true for one of the following roles: (Admin)
2026-08-10 11:00:19.146 +05:30 [INF] AuthenticationScheme: Bearer was challenged.
2026-08-10 11:00:19.149 +05:30 [INF] The response could not be cached for this request.
2026-08-10 11:00:19.151 +05:30 [INF] HTTP GET /api/settings/efin_logo_banner_size → 401 in 12.2ms
2026-08-10 11:00:19.154 +05:30 [INF] Request finished HTTP/1.1 GET http://localhost:7070/api/settings/efin_logo_banner_size - 401 0 null 21.1216ms
2026-08-10 11:00:19.165 +05:30 [INF] Request starting HTTP/1.1 GET http://localhost:7070/api/settings/efin_brand_name - null null
2026-08-10 11:00:19.171 +05:30 [INF] No cached response available for this request.
2026-08-10 11:00:19.173 +05:30 [INF] Authorization failed. These requirements were not met:
RolesAuthorizationRequirement:User.IsInRole must be true for one of the following roles: (Admin)
2026-08-10 11:00:19.175 +05:30 [INF] AuthenticationScheme: Bearer was challenged.
2026-08-10 11:00:19.178 +05:30 [INF] The response could not be cached for this request.
2026-08-10 11:00:19.181 +05:30 [INF] HTTP GET /api/settings/efin_brand_name → 401 in 10.1ms
2026-08-10 11:00:19.185 +05:30 [INF] Request finished HTTP/1.1 GET http://localhost:7070/api/settings/efin_brand_name - 401 0 null 20.1347ms
2026-08-10 11:00:19.194 +05:30 [INF] Request starting HTTP/1.1 GET http://localhost:7070/api/settings/efin_brand_sub - null null
2026-08-10 11:00:19.202 +05:30 [INF] No cached response available for this request.
2026-08-10 11:00:19.204 +05:30 [INF] Authorization failed. These requirements were not met:
RolesAuthorizationRequirement:User.IsInRole must be true for one of the following roles: (Admin)
2026-08-10 11:00:19.206 +05:30 [INF] AuthenticationScheme: Bearer was challenged.
2026-08-10 11:00:19.208 +05:30 [INF] The response could not be cached for this request.
2026-08-10 11:00:19.211 +05:30 [INF] HTTP GET /api/settings/efin_brand_sub → 401 in 8.4ms
2026-08-10 11:00:19.216 +05:30 [INF] Request finished HTTP/1.1 GET http://localhost:7070/api/settings/efin_brand_sub - 401 0 null 21.6585ms
2026-08-10 11:00:19.273 +05:30 [INF] Executed action LoanMS.API.Controllers.SettingsController.GetSigninLogoPublic (LoanMS.API) in 467.2725ms
2026-08-10 11:00:19.275 +05:30 [INF] Executed endpoint 'LoanMS.API.Controllers.SettingsController.GetSigninLogoPublic (LoanMS.API)'
2026-08-10 11:00:19.278 +05:30 [INF] The response could not be cached for this request.
2026-08-10 11:00:19.280 +05:30 [INF] HTTP GET /api/settings/signin-logo → 200 in 558.7ms
2026-08-10 11:00:19.291 +05:30 [INF] Request finished HTTP/1.1 GET http://localhost:7070/api/settings/signin-logo - 200 13 application/json; charset=utf-8 583.8499ms
2026-08-10 11:00:42.531 +05:30 [INF] Executed DbCommand (0ms) [Parameters=[], CommandType='"Text"', CommandTimeout='30']
SELECT "l"."Id", "l"."Status", "l"."CreatedAt", "l"."AssignedToUserId", "l"."CreatedByUserId", "l"."LoanNumber"
FROM "Loans" AS "l"
WHERE NOT ("l"."IsDeleted") AND "l"."Status" NOT IN ('Rejected', 'Disbursed', 'Closed') AND "l"."SlaBreachNotifiedAt" IS NULL
2026-08-10 11:02:16.446 +05:30 [INF] Request starting HTTP/1.1 POST http://localhost:7070/api/auth/login - application/json 49
2026-08-10 11:02:16.457 +05:30 [INF] CORS policy execution successful.
2026-08-10 11:02:16.465 +05:30 [INF] Executing endpoint 'LoanMS.API.Controllers.AuthController.Login (LoanMS.API)'
2026-08-10 11:02:16.533 +05:30 [INF] Route matched with {action = "Login", controller = "Auth"}. Executing controller action with signature System.Threading.Tasks.Task`1[Microsoft.AspNetCore.Mvc.IActionResult] Login(LoanMS.Application.DTOs.LoginRequestDto) on controller LoanMS.API.Controllers.AuthController (LoanMS.API).
2026-08-10 11:02:16.895 +05:30 [INF] Executed DbCommand (0ms) [Parameters=[@email='?' (Size = 14), @windowStart='?' (DbType = DateTime)], CommandType='"Text"', CommandTimeout='30']
SELECT COUNT(*)
FROM "LoginAttempts" AS "l"
WHERE "l"."Email" = @email AND "l"."CreatedAt" >= @windowStart
2026-08-10 11:02:16.901 +05:30 [INF] Executed DbCommand (0ms) [Parameters=[@ip='?' (Size = 3), @windowStart='?' (DbType = DateTime)], CommandType='"Text"', CommandTimeout='30']
SELECT COUNT(*)
FROM "LoginAttempts" AS "l"
WHERE "l"."IpAddress" = @ip AND "l"."CreatedAt" >= @windowStart
2026-08-10 11:02:16.965 +05:30 [INF] Executed DbCommand (0ms) [Parameters=[@ToLower='?' (Size = 14)], CommandType='"Text"', CommandTimeout='30']
SELECT "u"."Id", "u"."CreatedAt", "u"."Email", "u"."FailedLoginAttempts", "u"."FullName", "u"."IsActive", "u"."IsDeleted", "u"."LocationId", "u"."LocationName", "u"."LockedUntil", "u"."MustChangePassword", "u"."OpTeam", "u"."PasswordHash", "u"."PhoneNumber", "u"."PhotoData", "u"."RefreshToken", "u"."RefreshTokenExpiry", "u"."Role", "u"."SalesTeam", "u"."UpdatedAt"
FROM "Users" AS "u"
WHERE NOT ("u"."IsDeleted") AND lower("u"."Email") = @ToLower
LIMIT 1
2026-08-10 11:02:17.902 +05:30 [INF] Executed DbCommand (0ms) [Parameters=[@p19='?' (DbType = Int32), @p0='?' (DbType = DateTime), @p1='?' (Size = 14), @p2='?' (DbType = Int32), @p3='?' (Size = 12), @p4='?' (DbType = Boolean), @p5='?' (DbType = Boolean), @p6='?' (DbType = Int32), @p7='?', @p8='?' (DbType = DateTime), @p9='?' (DbType = Boolean), @p10='?', @p11='?' (Size = 60), @p12='?', @p13='?', @p14='?' (Size = 88), @p15='?' (DbType = DateTime), @p16='?' (Size = 5), @p17='?', @p18='?' (DbType = DateTime)], CommandType='"Text"', CommandTimeout='30']
UPDATE "Users" SET "CreatedAt" = @p0, "Email" = @p1, "FailedLoginAttempts" = @p2, "FullName" = @p3, "IsActive" = @p4, "IsDeleted" = @p5, "LocationId" = @p6, "LocationName" = @p7, "LockedUntil" = @p8, "MustChangePassword" = @p9, "OpTeam" = @p10, "PasswordHash" = @p11, "PhoneNumber" = @p12, "PhotoData" = @p13, "RefreshToken" = @p14, "RefreshTokenExpiry" = @p15, "Role" = @p16, "SalesTeam" = @p17, "UpdatedAt" = @p18
WHERE "Id" = @p19
RETURNING 1;
2026-08-10 11:02:18.163 +05:30 [INF] Executed DbCommand (0ms) [Parameters=[@email='?' (Size = 14)], CommandType='"Text"', CommandTimeout='30']
SELECT "l"."Id", "l"."CreatedAt", "l"."Email", "l"."IpAddress", "l"."IsDeleted", "l"."UpdatedAt"
FROM "LoginAttempts" AS "l"
WHERE "l"."Email" = @email
2026-08-10 11:02:18.183 +05:30 [INF] Executing OkObjectResult, writing value of type 'LoanMS.Application.DTOs.ApiResponseDto`1[[LoanMS.Application.DTOs.LoginResponseDto, LoanMS.Application, Version=1.0.0.0, Culture=neutral, PublicKeyToken=null]]'.
2026-08-10 11:02:18.247 +05:30 [INF] Executed action LoanMS.API.Controllers.AuthController.Login (LoanMS.API) in 1699.6039ms
2026-08-10 11:02:18.253 +05:30 [INF] Executed endpoint 'LoanMS.API.Controllers.AuthController.Login (LoanMS.API)'
2026-08-10 11:02:18.262 +05:30 [WRN] HTTP POST /api/auth/login → 200 in 1807.6ms
2026-08-10 11:02:18.273 +05:30 [INF] Request finished HTTP/1.1 POST http://localhost:7070/api/auth/login - 200 960 application/json; charset=utf-8 1827.4442ms
2026-08-10 11:02:18.307 +05:30 [INF] Request starting HTTP/1.1 GET http://localhost:7070/api/expertexport/access - application/json null
2026-08-10 11:02:18.334 +05:30 [INF] Executing endpoint 'LoanMS.API.Controllers.ExpertExportController.GetAccess (LoanMS.API)'
2026-08-10 11:02:18.351 +05:30 [INF] Route matched with {action = "GetAccess", controller = "ExpertExport"}. Executing controller action with signature System.Threading.Tasks.Task`1[Microsoft.AspNetCore.Mvc.IActionResult] GetAccess() on controller LoanMS.API.Controllers.ExpertExportController (LoanMS.API).
2026-08-10 11:02:18.417 +05:30 [INF] Executed DbCommand (0ms) [Parameters=[], CommandType='"Text"', CommandTimeout='30']
SELECT "a"."Value"
FROM "AppSettings" AS "a"
WHERE NOT ("a"."IsDeleted") AND "a"."Key" = 'expert_export_roles' AND NOT ("a"."IsDeleted")
LIMIT 1
2026-08-10 11:02:18.428 +05:30 [INF] Executed DbCommand (0ms) [Parameters=[], CommandType='"Text"', CommandTimeout='30']
SELECT "a"."Value"
FROM "AppSettings" AS "a"
WHERE NOT ("a"."IsDeleted") AND "a"."Key" = 'expert_export_users' AND NOT ("a"."IsDeleted")
LIMIT 1
2026-08-10 11:02:18.434 +05:30 [INF] Executing OkObjectResult, writing value of type '<>f__AnonymousType41`1[[System.Boolean, System.Private.CoreLib, Version=10.0.0.0, Culture=neutral, PublicKeyToken=7cec85d7bea7798e]]'.
2026-08-10 11:02:18.438 +05:30 [INF] Executed action LoanMS.API.Controllers.ExpertExportController.GetAccess (LoanMS.API) in 40.7906ms
2026-08-10 11:02:18.445 +05:30 [INF] Executed endpoint 'LoanMS.API.Controllers.ExpertExportController.GetAccess (LoanMS.API)'
2026-08-10 11:02:18.447 +05:30 [INF] HTTP GET /api/expertexport/access → 200 in 129.1ms
2026-08-10 11:02:18.450 +05:30 [INF] Request finished HTTP/1.1 GET http://localhost:7070/api/expertexport/access - 200 17 application/json; charset=utf-8 142.3702ms
2026-08-10 11:02:19.074 +05:30 [INF] Request starting HTTP/1.1 GET http://localhost:7070/api/loans/bulk?pageSize=500 - application/json null
2026-08-10 11:02:19.076 +05:30 [INF] Request starting HTTP/1.1 GET http://localhost:7070/api/users - application/json null
2026-08-10 11:02:19.080 +05:30 [INF] Request starting HTTP/1.1 GET http://localhost:7070/api/teams - application/json null
2026-08-10 11:02:19.082 +05:30 [INF] Request starting HTTP/1.1 GET http://localhost:7070/api/locations - application/json null
2026-08-10 11:02:19.085 +05:30 [INF] Request starting HTTP/1.1 GET http://localhost:7070/api/tasks - application/json null
2026-08-10 11:02:19.086 +05:30 [INF] Request starting HTTP/1.1 GET http://localhost:7070/api/dsa - application/json null
2026-08-10 11:02:19.095 +05:30 [INF] Executing endpoint 'LoanMS.API.Controllers.LoansController.GetBulk (LoanMS.API)'
2026-08-10 11:02:19.111 +05:30 [INF] Executing endpoint 'LoanMS.API.Controllers.UsersController.GetAll (LoanMS.API)'
2026-08-10 11:02:19.118 +05:30 [INF] Executing endpoint 'LoanMS.API.Controllers.TeamsController.GetAll (LoanMS.API)'
2026-08-10 11:02:19.131 +05:30 [INF] Executing endpoint 'LoanMS.API.Controllers.LocationsController.GetAll (LoanMS.API)'
2026-08-10 11:02:19.149 +05:30 [INF] Executing endpoint 'LoanMS.API.Controllers.TasksController.GetAll (LoanMS.API)'
2026-08-10 11:02:19.161 +05:30 [INF] Executing endpoint 'LoanMS.API.Controllers.DsaController.GetAll (LoanMS.API)'
2026-08-10 11:02:19.185 +05:30 [INF] Route matched with {action = "GetAll", controller = "Users"}. Executing controller action with signature System.Threading.Tasks.Task`1[Microsoft.AspNetCore.Mvc.IActionResult] GetAll() on controller LoanMS.API.Controllers.UsersController (LoanMS.API).
2026-08-10 11:02:19.186 +05:30 [INF] Route matched with {action = "GetBulk", controller = "Loans"}. Executing controller action with signature System.Threading.Tasks.Task`1[Microsoft.AspNetCore.Mvc.IActionResult] GetBulk(Int32) on controller LoanMS.API.Controllers.LoansController (LoanMS.API).
2026-08-10 11:02:19.190 +05:30 [INF] Route matched with {action = "GetAll", controller = "Teams"}. Executing controller action with signature System.Threading.Tasks.Task`1[Microsoft.AspNetCore.Mvc.IActionResult] GetAll(System.String) on controller LoanMS.API.Controllers.TeamsController (LoanMS.API).
2026-08-10 11:02:19.192 +05:30 [INF] Route matched with {action = "GetAll", controller = "Locations"}. Executing controller action with signature System.Threading.Tasks.Task`1[Microsoft.AspNetCore.Mvc.IActionResult] GetAll() on controller LoanMS.API.Controllers.LocationsController (LoanMS.API).
2026-08-10 11:02:19.195 +05:30 [INF] Route matched with {action = "GetAll", controller = "Tasks"}. Executing controller action with signature System.Threading.Tasks.Task`1[Microsoft.AspNetCore.Mvc.IActionResult] GetAll(System.Nullable`1[System.Int32], System.Nullable`1[System.Boolean]) on controller LoanMS.API.Controllers.TasksController (LoanMS.API).
2026-08-10 11:02:19.198 +05:30 [INF] Route matched with {action = "GetAll", controller = "Dsa"}. Executing controller action with signature System.Threading.Tasks.Task`1[Microsoft.AspNetCore.Mvc.IActionResult] GetAll() on controller LoanMS.API.Controllers.DsaController (LoanMS.API).
2026-08-10 11:02:19.219 +05:30 [INF] Executed DbCommand (0ms) [Parameters=[], CommandType='"Text"', CommandTimeout='30']
SELECT "u"."Id", "u"."CreatedAt", "u"."Email", "u"."FailedLoginAttempts", "u"."FullName", "u"."IsActive", "u"."IsDeleted", "u"."LocationId", "u"."LocationName", "u"."LockedUntil", "u"."MustChangePassword", "u"."OpTeam", "u"."PasswordHash", "u"."PhoneNumber", "u"."PhotoData", "u"."RefreshToken", "u"."RefreshTokenExpiry", "u"."Role", "u"."SalesTeam", "u"."UpdatedAt"
FROM "Users" AS "u"
WHERE NOT ("u"."IsDeleted") AND "u"."IsActive"
ORDER BY "u"."FullName"
2026-08-10 11:02:19.231 +05:30 [INF] Executing OkObjectResult, writing value of type 'LoanMS.Application.DTOs.ApiResponseDto`1[[System.Collections.Generic.IEnumerable`1[[LoanMS.Application.DTOs.UserDto, LoanMS.Application, Version=1.0.0.0, Culture=neutral, PublicKeyToken=null]], System.Private.CoreLib, Version=10.0.0.0, Culture=neutral, PublicKeyToken=7cec85d7bea7798e]]'.
2026-08-10 11:02:19.241 +05:30 [INF] Executed action LoanMS.API.Controllers.UsersController.GetAll (LoanMS.API) in 49.3368ms
2026-08-10 11:02:19.248 +05:30 [INF] Executed DbCommand (24ms) [Parameters=[], CommandType='"Text"', CommandTimeout='30']
SELECT "l"."Id", "l"."Name", "l"."City", "l"."State", "l"."PinCode", "l"."IsActive"
FROM "Locations" AS "l"
WHERE NOT ("l"."IsDeleted")
ORDER BY "l"."Name"
2026-08-10 11:02:19.249 +05:30 [INF] Executed endpoint 'LoanMS.API.Controllers.UsersController.GetAll (LoanMS.API)'
2026-08-10 11:02:19.249 +05:30 [INF] Executed DbCommand (0ms) [Parameters=[], CommandType='"Text"', CommandTimeout='30']
SELECT COUNT(*)
FROM "Loans" AS "l"
WHERE 0
2026-08-10 11:02:19.252 +05:30 [INF] Executing OkObjectResult, writing value of type 'LoanMS.Application.DTOs.ApiResponseDto`1[[System.Object, System.Private.CoreLib, Version=10.0.0.0, Culture=neutral, PublicKeyToken=7cec85d7bea7798e]]'.
2026-08-10 11:02:19.253 +05:30 [INF] HTTP GET /api/users → 200 in 145.9ms
2026-08-10 11:02:19.264 +05:30 [INF] Request finished HTTP/1.1 GET http://localhost:7070/api/users - 200 720 application/json; charset=utf-8 187.8257ms
2026-08-10 11:02:19.266 +05:30 [INF] Executed action LoanMS.API.Controllers.LocationsController.GetAll (LoanMS.API) in 64.4223ms
2026-08-10 11:02:19.268 +05:30 [INF] Request starting HTTP/1.1 GET http://localhost:7070/api/tickets - application/json null
2026-08-10 11:02:19.275 +05:30 [INF] Executed endpoint 'LoanMS.API.Controllers.LocationsController.GetAll (LoanMS.API)'
2026-08-10 11:02:19.287 +05:30 [INF] HTTP GET /api/locations → 200 in 157.8ms
2026-08-10 11:02:19.284 +05:30 [INF] Executing endpoint 'LoanMS.API.Controllers.TicketsController.GetAll (LoanMS.API)'
2026-08-10 11:02:19.290 +05:30 [INF] Executed DbCommand (0ms) [Parameters=[@CurrentUserId='?' (DbType = Int32)], CommandType='"Text"', CommandTimeout='30']
SELECT "t"."Id", "t"."Title", "t"."Description", "t"."Priority", "t"."IsCompleted", "t"."DueDate", "t"."LoanId", "u0"."FullName" AS "AssignedTo", "u2"."FullName" AS "CreatedBy", "t"."CreatedAt"
FROM "Tasks" AS "t"
INNER JOIN (
    SELECT "u"."Id", "u"."FullName"
    FROM "Users" AS "u"
    WHERE NOT ("u"."IsDeleted")
) AS "u0" ON "t"."AssignedToUserId" = "u0"."Id"
INNER JOIN (
    SELECT "u1"."Id", "u1"."FullName"
    FROM "Users" AS "u1"
    WHERE NOT ("u1"."IsDeleted")
) AS "u2" ON "t"."CreatedByUserId" = "u2"."Id"
WHERE NOT ("t"."IsDeleted") AND ("t"."AssignedToUserId" = @CurrentUserId OR "t"."CreatedByUserId" = @CurrentUserId)
ORDER BY "t"."CreatedAt" DESC
2026-08-10 11:02:19.293 +05:30 [INF] Request finished HTTP/1.1 GET http://localhost:7070/api/locations - 200 53 application/json; charset=utf-8 211.0983ms
2026-08-10 11:02:19.297 +05:30 [INF] Executed DbCommand (1ms) [Parameters=[], CommandType='"Text"', CommandTimeout='30']
SELECT "d"."Id", "d"."Name", "d"."Code", "d"."Email", "d"."Phone", "d"."City", "d"."IsActive", CAST("d"."PartnerType" AS TEXT) AS "PartnerType", "d"."LinkedUserId", "u0"."FullName" AS "LinkedUser", "u2"."FullName" AS "MappedSalesUser", "d"."Pan", "d"."OfficeAddress", "d"."OfficeState", "d"."OfficePin", "d"."OfficeAddressType", "d"."Category", "d"."MappedDsaId", "d1"."Name" AS "MappedDsaName", "d"."CreatedAt", "d"."UpdatedAt"
FROM "DsaPartners" AS "d"
LEFT JOIN (
    SELECT "u"."Id", "u"."FullName"
    FROM "Users" AS "u"
    WHERE NOT ("u"."IsDeleted")
) AS "u0" ON "d"."LinkedUserId" = "u0"."Id"
LEFT JOIN (
    SELECT "u1"."Id", "u1"."FullName"
    FROM "Users" AS "u1"
    WHERE NOT ("u1"."IsDeleted")
) AS "u2" ON "d"."MappedSalesUserId" = "u2"."Id"
LEFT JOIN (
    SELECT "d0"."Id", "d0"."Name"
    FROM "DsaPartners" AS "d0"
    WHERE NOT ("d0"."IsDeleted")
) AS "d1" ON "d"."MappedDsaId" = "d1"."Id"
WHERE NOT ("d"."IsDeleted")
ORDER BY "d"."Name"
2026-08-10 11:02:19.300 +05:30 [INF] Executing OkObjectResult, writing value of type 'LoanMS.Application.DTOs.ApiResponseDto`1[[System.Object, System.Private.CoreLib, Version=10.0.0.0, Culture=neutral, PublicKeyToken=7cec85d7bea7798e]]'.
2026-08-10 11:02:19.307 +05:30 [INF] Request starting HTTP/1.1 GET http://localhost:7070/api/incred/rm - application/json null
2026-08-10 11:02:19.308 +05:30 [INF] Route matched with {action = "GetAll", controller = "Tickets"}. Executing controller action with signature System.Threading.Tasks.Task`1[Microsoft.AspNetCore.Mvc.IActionResult] GetAll(System.String) on controller LoanMS.API.Controllers.TicketsController (LoanMS.API).
2026-08-10 11:02:19.312 +05:30 [INF] Executing OkObjectResult, writing value of type 'LoanMS.Application.DTOs.ApiResponseDto`1[[System.Object, System.Private.CoreLib, Version=10.0.0.0, Culture=neutral, PublicKeyToken=7cec85d7bea7798e]]'.
2026-08-10 11:02:19.312 +05:30 [INF] Executed DbCommand (1ms) [Parameters=[@p0='?' (DbType = Int32), @p='?' (DbType = Int32)], CommandType='"Text"', CommandTimeout='30']
SELECT "l0"."Id", "l0"."LoanNumber", CAST("l0"."LoanType" AS TEXT) AS "LoanType", CAST("l0"."Status" AS TEXT) AS "Status", "l0"."RequestedAmount", "l0"."ApprovedAmount", "l0"."InterestRate", "l0"."TenureMonths", "c0"."FullName" AS "CustomerName", "c0"."Phone" AS "CustomerPhone", "u0"."FullName" AS "CreatedByName", "u2"."FullName" AS "AssignedToName", "u4"."FullName" AS "LoginUserName", (
    SELECT "b"."RiskGrade"
    FROM "BureauReports" AS "b"
    WHERE "b"."CustomerId" = "l0"."CustomerId"
    ORDER BY "b"."ScoreGeneratedDate" DESC
    LIMIT 1) AS "RiskGrade", "l0"."CreatedAt"
FROM (
    SELECT "l"."Id", "l"."ApprovedAmount", "l"."AssignedToUserId", "l"."CreatedAt", "l"."CreatedByUserId", "l"."CustomerId", "l"."InterestRate", "l"."LoanNumber", "l"."LoanType", "l"."LoginUserId", "l"."RequestedAmount", "l"."Status", "l"."TenureMonths"
    FROM "Loans" AS "l"
    WHERE 0
    ORDER BY "l"."CreatedAt" DESC
    LIMIT @p0 OFFSET @p
) AS "l0"
INNER JOIN (
    SELECT "c"."Id", "c"."FullName", "c"."Phone"
    FROM "Customers" AS "c"
    WHERE NOT ("c"."IsDeleted")
) AS "c0" ON "l0"."CustomerId" = "c0"."Id"
INNER JOIN (
    SELECT "u"."Id", "u"."FullName"
    FROM "Users" AS "u"
    WHERE NOT ("u"."IsDeleted")
) AS "u0" ON "l0"."CreatedByUserId" = "u0"."Id"
LEFT JOIN (
    SELECT "u1"."Id", "u1"."FullName"
    FROM "Users" AS "u1"
    WHERE NOT ("u1"."IsDeleted")
) AS "u2" ON "l0"."AssignedToUserId" = "u2"."Id"
LEFT JOIN (
    SELECT "u3"."Id", "u3"."FullName"
    FROM "Users" AS "u3"
    WHERE NOT ("u3"."IsDeleted")
) AS "u4" ON "l0"."LoginUserId" = "u4"."Id"
ORDER BY "l0"."CreatedAt" DESC
2026-08-10 11:02:19.316 +05:30 [INF] Executed action LoanMS.API.Controllers.TasksController.GetAll (LoanMS.API) in 106.0365ms
2026-08-10 11:02:19.317 +05:30 [INF] Executing endpoint 'LoanMS.API.Controllers.IncredController.GetRmEmails (LoanMS.API)'
2026-08-10 11:02:19.327 +05:30 [INF] Executed action LoanMS.API.Controllers.DsaController.GetAll (LoanMS.API) in 110.8471ms
2026-08-10 11:02:19.330 +05:30 [INF] Executed endpoint 'LoanMS.API.Controllers.TasksController.GetAll (LoanMS.API)'
2026-08-10 11:02:19.330 +05:30 [INF] Executing OkObjectResult, writing value of type 'LoanMS.Application.DTOs.ApiResponseDto`1[[LoanMS.Application.DTOs.PagedResultDto`1[[LoanMS.Application.DTOs.LoanListDto, LoanMS.Application, Version=1.0.0.0, Culture=neutral, PublicKeyToken=null]], LoanMS.Application, Version=1.0.0.0, Culture=neutral, PublicKeyToken=null]]'.
2026-08-10 11:02:19.333 +05:30 [INF] Executed endpoint 'LoanMS.API.Controllers.DsaController.GetAll (LoanMS.API)'
2026-08-10 11:02:19.335 +05:30 [INF] HTTP GET /api/tasks → 200 in 187.4ms
2026-08-10 11:02:19.341 +05:30 [INF] Route matched with {action = "GetRmEmails", controller = "Incred"}. Executing controller action with signature System.Threading.Tasks.Task`1[Microsoft.AspNetCore.Mvc.IActionResult] GetRmEmails() on controller LoanMS.API.Controllers.IncredController (LoanMS.API).
2026-08-10 11:02:19.341 +05:30 [INF] HTTP GET /api/dsa → 200 in 181.2ms
2026-08-10 11:02:19.346 +05:30 [INF] Executed DbCommand (0ms) [Parameters=[], CommandType='"Text"', CommandTimeout='30']
SELECT "t"."Id", "t"."Title", "t"."Description", "t"."Status", "t"."Priority", "t"."LoanId", "u0"."FullName" AS "CreatedBy", "u2"."FullName" AS "AssignedTo", "t"."AssignedToUserId", "t"."CreatedAt", "t"."UpdatedAt", "t"."ClosedAt"
FROM "Tickets" AS "t"
INNER JOIN (
    SELECT "u"."Id", "u"."FullName"
    FROM "Users" AS "u"
    WHERE NOT ("u"."IsDeleted")
) AS "u0" ON "t"."CreatedByUserId" = "u0"."Id"
LEFT JOIN (
    SELECT "u1"."Id", "u1"."FullName"
    FROM "Users" AS "u1"
    WHERE NOT ("u1"."IsDeleted")
) AS "u2" ON "t"."AssignedToUserId" = "u2"."Id"
WHERE NOT ("t"."IsDeleted")
ORDER BY "t"."CreatedAt" DESC
2026-08-10 11:02:19.346 +05:30 [INF] Request finished HTTP/1.1 GET http://localhost:7070/api/tasks - 200 53 application/json; charset=utf-8 261.3363ms
2026-08-10 11:02:19.350 +05:30 [INF] Executed DbCommand (0ms) [Parameters=[], CommandType='"Text"', CommandTimeout='30']
SELECT "t"."Id", "t"."Name", "t"."Type", "t"."LocationId", "u0"."FullName", "u0"."Id", "s"."UserId", "s"."FullName", "s"."Email", "s"."Id", "s"."Id0"
FROM "Teams" AS "t"
LEFT JOIN (
    SELECT "u"."Id", "u"."FullName"
    FROM "Users" AS "u"
    WHERE NOT ("u"."IsDeleted")
) AS "u0" ON "t"."TeamLeadUserId" = "u0"."Id"
LEFT JOIN (
    SELECT "t0"."UserId", "u2"."FullName", "u2"."Email", "t0"."Id", "u2"."Id" AS "Id0", "t0"."TeamId"
    FROM "TeamMembers" AS "t0"
    INNER JOIN (
        SELECT "u1"."Id", "u1"."Email", "u1"."FullName"
        FROM "Users" AS "u1"
        WHERE NOT ("u1"."IsDeleted")
    ) AS "u2" ON "t0"."UserId" = "u2"."Id"
    WHERE NOT ("t0"."IsDeleted")
) AS "s" ON "t"."Id" = "s"."TeamId"
WHERE NOT ("t"."IsDeleted")
ORDER BY "t"."Id", "u0"."Id", "s"."Id"
2026-08-10 11:02:19.350 +05:30 [INF] Request finished HTTP/1.1 GET http://localhost:7070/api/dsa - 200 53 application/json; charset=utf-8 264.2637ms
2026-08-10 11:02:19.351 +05:30 [INF] Executed action LoanMS.API.Controllers.LoansController.GetBulk (LoanMS.API) in 154.3709ms
2026-08-10 11:02:19.356 +05:30 [INF] Executing OkObjectResult, writing value of type 'LoanMS.Application.DTOs.ApiResponseDto`1[[System.Object, System.Private.CoreLib, Version=10.0.0.0, Culture=neutral, PublicKeyToken=7cec85d7bea7798e]]'.
2026-08-10 11:02:19.362 +05:30 [INF] Request starting HTTP/1.1 GET http://localhost:7070/api/banks - application/json null
2026-08-10 11:02:19.366 +05:30 [INF] Executed DbCommand (0ms) [Parameters=[], CommandType='"Text"', CommandTimeout='30']
SELECT "i"."Id", "i"."Name", "i"."Location", "i"."Email", "i"."ContactNo", "i"."CreatedAt", "i"."UpdatedAt"
FROM "IncredRmEmails" AS "i"
WHERE NOT ("i"."IsDeleted")
ORDER BY "i"."Name"
2026-08-10 11:02:19.366 +05:30 [INF] Executing OkObjectResult, writing value of type 'LoanMS.Application.DTOs.ApiResponseDto`1[[System.Object, System.Private.CoreLib, Version=10.0.0.0, Culture=neutral, PublicKeyToken=7cec85d7bea7798e]]'.
2026-08-10 11:02:19.369 +05:30 [INF] Request starting HTTP/1.1 GET http://localhost:7070/api/report-targets - application/json null
2026-08-10 11:02:19.371 +05:30 [INF] Executed endpoint 'LoanMS.API.Controllers.LoansController.GetBulk (LoanMS.API)'
2026-08-10 11:02:19.377 +05:30 [INF] Executed action LoanMS.API.Controllers.TicketsController.GetAll (LoanMS.API) in 57.8178ms
2026-08-10 11:02:19.379 +05:30 [INF] Executing endpoint 'LoanMS.API.Controllers.BanksController.GetAll (LoanMS.API)'
2026-08-10 11:02:19.382 +05:30 [INF] Executing OkObjectResult, writing value of type 'LoanMS.Application.DTOs.ApiResponseDto`1[[System.Object, System.Private.CoreLib, Version=10.0.0.0, Culture=neutral, PublicKeyToken=7cec85d7bea7798e]]'.
2026-08-10 11:02:19.384 +05:30 [INF] Executed action LoanMS.API.Controllers.TeamsController.GetAll (LoanMS.API) in 184.9107ms
2026-08-10 11:02:19.399 +05:30 [INF] Executed action LoanMS.API.Controllers.IncredController.GetRmEmails (LoanMS.API) in 50.3537ms
2026-08-10 11:02:19.389 +05:30 [INF] Executing endpoint 'LoanMS.API.Controllers.ReportTargetsController.GetAll (LoanMS.API)'
2026-08-10 11:02:19.390 +05:30 [INF] HTTP GET /api/loans/bulk → 200 in 298.2ms
2026-08-10 11:02:19.393 +05:30 [INF] Executed endpoint 'LoanMS.API.Controllers.TicketsController.GetAll (LoanMS.API)'
2026-08-10 11:02:19.399 +05:30 [INF] Executed endpoint 'LoanMS.API.Controllers.TeamsController.GetAll (LoanMS.API)'
2026-08-10 11:02:19.401 +05:30 [INF] Executed endpoint 'LoanMS.API.Controllers.IncredController.GetRmEmails (LoanMS.API)'
2026-08-10 11:02:19.406 +05:30 [INF] Route matched with {action = "GetAll", controller = "Banks"}. Executing controller action with signature System.Threading.Tasks.Task`1[Microsoft.AspNetCore.Mvc.IActionResult] GetAll() on controller LoanMS.API.Controllers.BanksController (LoanMS.API).
2026-08-10 11:02:19.407 +05:30 [INF] Request finished HTTP/1.1 GET http://localhost:7070/api/loans/bulk?pageSize=500 - 200 148 application/json; charset=utf-8 332.8872ms
2026-08-10 11:02:19.408 +05:30 [INF] HTTP GET /api/tickets → 200 in 124.6ms
2026-08-10 11:02:19.410 +05:30 [INF] HTTP GET /api/teams → 200 in 293.6ms
2026-08-10 11:02:19.412 +05:30 [INF] HTTP GET /api/incred/rm → 200 in 95.6ms
2026-08-10 11:02:19.415 +05:30 [INF] Route matched with {action = "GetAll", controller = "ReportTargets"}. Executing controller action with signature System.Threading.Tasks.Task`1[Microsoft.AspNetCore.Mvc.IActionResult] GetAll() on controller LoanMS.API.Controllers.ReportTargetsController (LoanMS.API).
2026-08-10 11:02:19.418 +05:30 [INF] Request starting HTTP/1.1 GET http://localhost:7070/api/assignment-audit - application/json null
2026-08-10 11:02:19.424 +05:30 [INF] Request finished HTTP/1.1 GET http://localhost:7070/api/tickets - 200 53 application/json; charset=utf-8 155.9489ms
2026-08-10 11:02:19.428 +05:30 [INF] Request finished HTTP/1.1 GET http://localhost:7070/api/teams - 200 53 application/json; charset=utf-8 347.8579ms
2026-08-10 11:02:19.432 +05:30 [INF] Request finished HTTP/1.1 GET http://localhost:7070/api/incred/rm - 200 53 application/json; charset=utf-8 124.9965ms
2026-08-10 11:02:19.441 +05:30 [INF] Executing endpoint 'LoanMS.API.Controllers.AssignmentAuditController.GetAll (LoanMS.API)'
2026-08-10 11:02:19.445 +05:30 [INF] Request starting HTTP/1.1 GET http://localhost:7070/api/rejectionreasons - application/json null
2026-08-10 11:02:19.449 +05:30 [INF] Executed DbCommand (0ms) [Parameters=[], CommandType='"Text"', CommandTimeout='30']
SELECT "r"."Id", "r"."TargetMonth", "r"."UserId", "r"."TeamId", "r"."DisbAmt", "r"."LoginCount", "r"."DisbCount", "r"."CreatedAt", "r"."UpdatedAt"
FROM "ReportTargets" AS "r"
WHERE NOT ("r"."IsDeleted")
ORDER BY "r"."TargetMonth"
2026-08-10 11:02:19.450 +05:30 [INF] Request starting HTTP/1.1 GET http://localhost:7070/api/emailtemplates - application/json null
2026-08-10 11:02:19.454 +05:30 [INF] Request starting HTTP/1.1 GET http://localhost:7070/api/productoffermatrix - application/json null
2026-08-10 11:02:19.461 +05:30 [INF] Executed DbCommand (0ms) [Parameters=[], CommandType='"Text"', CommandTimeout='30']
SELECT "b"."Id", "b"."BankName", "b"."IfscPrefix", "b"."EmpCode", "b"."Location", "b"."RmName", "b"."RmMobile", "b"."Email", "b"."Remarks", "b"."IsActive", "b"."CreatedAt", "b"."UpdatedAt", "b"."IsIncred", "b"."IsElite", "b"."MinCibil", "b"."AcceptNtc", "b"."MaxLoanAmt", "b"."MinTenure", "b"."MaxTenure", "b"."FoirLimit", "b"."PfRequired", "b"."MinAge", "b"."MaxAge", "b"."MinExpMonths", "b"."EmpTypesJson", "b"."CompTypesJson", "b1"."Id", "b1"."CompanyId", "b1"."CategoryId", "b1"."PinCode", "b1"."Pf"
FROM "Banks" AS "b"
LEFT JOIN (
    SELECT "b0"."Id", "b0"."CompanyId", "b0"."CategoryId", "b0"."PinCode", "b0"."Pf", "b0"."BankId"
    FROM "BankEligibilityLines" AS "b0"
    WHERE NOT ("b0"."IsDeleted")
) AS "b1" ON "b"."Id" = "b1"."BankId"
WHERE NOT ("b"."IsDeleted")
ORDER BY "b"."BankName", "b"."Id"
2026-08-10 11:02:19.462 +05:30 [INF] Executing endpoint 'LoanMS.API.Controllers.RejectionReasonsController.GetAll (LoanMS.API)'
2026-08-10 11:02:19.465 +05:30 [INF] Executing OkObjectResult, writing value of type 'LoanMS.Application.DTOs.ApiResponseDto`1[[System.Object, System.Private.CoreLib, Version=10.0.0.0, Culture=neutral, PublicKeyToken=7cec85d7bea7798e]]'.
2026-08-10 11:02:19.466 +05:30 [INF] Route matched with {action = "GetAll", controller = "AssignmentAudit"}. Executing controller action with signature System.Threading.Tasks.Task`1[Microsoft.AspNetCore.Mvc.IActionResult] GetAll(System.String, Int32) on controller LoanMS.API.Controllers.AssignmentAuditController (LoanMS.API).
2026-08-10 11:02:19.467 +05:30 [INF] Executing endpoint 'LoanMS.API.Controllers.EmailTemplatesController.GetAll (LoanMS.API)'
2026-08-10 11:02:19.472 +05:30 [INF] Executing endpoint 'LoanMS.API.Controllers.ProductOfferMatrixController.GetAll (LoanMS.API)'
2026-08-10 11:02:19.475 +05:30 [INF] Executing OkObjectResult, writing value of type 'LoanMS.Application.DTOs.ApiResponseDto`1[[System.Object, System.Private.CoreLib, Version=10.0.0.0, Culture=neutral, PublicKeyToken=7cec85d7bea7798e]]'.
2026-08-10 11:02:19.481 +05:30 [INF] Executed action LoanMS.API.Controllers.ReportTargetsController.GetAll (LoanMS.API) in 47.1587ms
2026-08-10 11:02:19.490 +05:30 [INF] Executed endpoint 'LoanMS.API.Controllers.ReportTargetsController.GetAll (LoanMS.API)'
2026-08-10 11:02:19.486 +05:30 [INF] Route matched with {action = "GetAll", controller = "RejectionReasons"}. Executing controller action with signature System.Threading.Tasks.Task`1[Microsoft.AspNetCore.Mvc.IActionResult] GetAll() on controller LoanMS.API.Controllers.RejectionReasonsController (LoanMS.API).
2026-08-10 11:02:19.492 +05:30 [INF] HTTP GET /api/report-targets → 200 in 104.2ms
2026-08-10 11:02:19.495 +05:30 [INF] Executed action LoanMS.API.Controllers.BanksController.GetAll (LoanMS.API) in 80.1317ms
2026-08-10 11:02:19.495 +05:30 [INF] Route matched with {action = "GetAll", controller = "EmailTemplates"}. Executing controller action with signature System.Threading.Tasks.Task`1[Microsoft.AspNetCore.Mvc.IActionResult] GetAll() on controller LoanMS.API.Controllers.EmailTemplatesController (LoanMS.API).
2026-08-10 11:02:19.497 +05:30 [INF] Route matched with {action = "GetAll", controller = "ProductOfferMatrix"}. Executing controller action with signature System.Threading.Tasks.Task`1[Microsoft.AspNetCore.Mvc.IActionResult] GetAll() on controller LoanMS.API.Controllers.ProductOfferMatrixController (LoanMS.API).
2026-08-10 11:02:19.501 +05:30 [INF] Request finished HTTP/1.1 GET http://localhost:7070/api/report-targets - 200 53 application/json; charset=utf-8 131.4768ms
2026-08-10 11:02:19.503 +05:30 [INF] Executed endpoint 'LoanMS.API.Controllers.BanksController.GetAll (LoanMS.API)'
2026-08-10 11:02:19.504 +05:30 [INF] Executed DbCommand (0ms) [Parameters=[@p='?' (DbType = Int32)], CommandType='"Text"', CommandTimeout='30']
SELECT "a"."Id", "a"."LoanApplicationId", "a"."LoanFrontendId", "a"."Location", "a"."LoanType", "a"."SalesPerson", "a"."SalesTeam", "a"."AssignedToUserId", "a"."AssignedToUserName", "a"."AssignedByUserId", "a"."AssignedByName", "a"."Method", "a"."TieBreak", "a"."PreviousUserName", "a"."Reason", "a"."CandidatesJson", "a"."AssignedAt", "a"."CreatedAt"
FROM "AssignmentAuditLogs" AS "a"
ORDER BY "a"."AssignedAt" DESC
LIMIT @p
2026-08-10 11:02:19.515 +05:30 [INF] Request starting HTTP/1.1 GET http://localhost:7070/api/wizard/drafts - application/json null
2026-08-10 11:02:19.516 +05:30 [INF] Executed DbCommand (0ms) [Parameters=[], CommandType='"Text"', CommandTimeout='30']
SELECT "r"."Id", "r"."Key", "r"."Label", "r"."SortOrder", "r"."CreatedAt", "r"."UpdatedAt"
FROM "RejectionReasons" AS "r"
WHERE NOT ("r"."IsDeleted")
ORDER BY "r"."SortOrder", "r"."Label"
2026-08-10 11:02:19.516 +05:30 [INF] HTTP GET /api/banks → 200 in 137.6ms
2026-08-10 11:02:19.522 +05:30 [INF] Executing OkObjectResult, writing value of type 'LoanMS.Application.DTOs.ApiResponseDto`1[[System.Object, System.Private.CoreLib, Version=10.0.0.0, Culture=neutral, PublicKeyToken=7cec85d7bea7798e]]'.
2026-08-10 11:02:19.522 +05:30 [INF] Executed DbCommand (0ms) [Parameters=[], CommandType='"Text"', CommandTimeout='30']
SELECT "p"."ProductKey", "p"."MatrixJson", "p"."UpdatedAt"
FROM "ProductOfferMatrices" AS "p"
WHERE NOT ("p"."IsDeleted")
2026-08-10 11:02:19.524 +05:30 [INF] Executed DbCommand (3ms) [Parameters=[], CommandType='"Text"', CommandTimeout='30']
SELECT "e"."TemplateKey", "e"."Subject", "e"."Body", "e"."UpdatedAt"
FROM "EmailTemplates" AS "e"
WHERE NOT ("e"."IsDeleted")
2026-08-10 11:02:19.526 +05:30 [INF] Executing endpoint 'LoanMS.API.Controllers.WizardController.ListDrafts (LoanMS.API)'
2026-08-10 11:02:19.529 +05:30 [INF] Executing OkObjectResult, writing value of type 'LoanMS.Application.DTOs.ApiResponseDto`1[[System.Object, System.Private.CoreLib, Version=10.0.0.0, Culture=neutral, PublicKeyToken=7cec85d7bea7798e]]'.
2026-08-10 11:02:19.531 +05:30 [INF] Request finished HTTP/1.1 GET http://localhost:7070/api/banks - 200 53 application/json; charset=utf-8 168.9813ms
2026-08-10 11:02:19.534 +05:30 [INF] Executed action LoanMS.API.Controllers.AssignmentAuditController.GetAll (LoanMS.API) in 52.5499ms
2026-08-10 11:02:19.537 +05:30 [INF] Executing OkObjectResult, writing value of type 'LoanMS.Application.DTOs.ApiResponseDto`1[[System.Object, System.Private.CoreLib, Version=10.0.0.0, Culture=neutral, PublicKeyToken=7cec85d7bea7798e]]'.
2026-08-10 11:02:19.540 +05:30 [INF] Executing OkObjectResult, writing value of type 'LoanMS.Application.DTOs.ApiResponseDto`1[[System.Object, System.Private.CoreLib, Version=10.0.0.0, Culture=neutral, PublicKeyToken=7cec85d7bea7798e]]'.
2026-08-10 11:02:19.547 +05:30 [INF] Executed action LoanMS.API.Controllers.RejectionReasonsController.GetAll (LoanMS.API) in 49.535ms
2026-08-10 11:02:19.549 +05:30 [INF] Request starting HTTP/1.1 GET http://localhost:7070/api/settings/efin_role_permissions - null null
2026-08-10 11:02:19.551 +05:30 [INF] Executed endpoint 'LoanMS.API.Controllers.AssignmentAuditController.GetAll (LoanMS.API)'
2026-08-10 11:02:19.553 +05:30 [INF] Route matched with {action = "ListDrafts", controller = "Wizard"}. Executing controller action with signature System.Threading.Tasks.Task`1[Microsoft.AspNetCore.Mvc.IActionResult] ListDrafts() on controller LoanMS.API.Controllers.WizardController (LoanMS.API).
2026-08-10 11:02:19.557 +05:30 [INF] Executed action LoanMS.API.Controllers.ProductOfferMatrixController.GetAll (LoanMS.API) in 46.6665ms
2026-08-10 11:02:19.559 +05:30 [INF] Executed endpoint 'LoanMS.API.Controllers.RejectionReasonsController.GetAll (LoanMS.API)'
2026-08-10 11:02:19.559 +05:30 [INF] Executed action LoanMS.API.Controllers.EmailTemplatesController.GetAll (LoanMS.API) in 52.6563ms
2026-08-10 11:02:19.565 +05:30 [INF] Executing endpoint 'LoanMS.API.Controllers.SettingsController.Get (LoanMS.API)'
2026-08-10 11:02:19.566 +05:30 [INF] HTTP GET /api/assignment-audit → 200 in 126.3ms
2026-08-10 11:02:19.571 +05:30 [INF] Executed endpoint 'LoanMS.API.Controllers.ProductOfferMatrixController.GetAll (LoanMS.API)'
2026-08-10 11:02:19.574 +05:30 [INF] HTTP GET /api/rejectionreasons → 200 in 112.5ms
2026-08-10 11:02:19.576 +05:30 [INF] Executed endpoint 'LoanMS.API.Controllers.EmailTemplatesController.GetAll (LoanMS.API)'
2026-08-10 11:02:19.582 +05:30 [INF] Request finished HTTP/1.1 GET http://localhost:7070/api/assignment-audit - 200 53 application/json; charset=utf-8 163.347ms
2026-08-10 11:02:19.582 +05:30 [INF] HTTP GET /api/productoffermatrix → 200 in 112.0ms
2026-08-10 11:02:19.585 +05:30 [INF] Request finished HTTP/1.1 GET http://localhost:7070/api/rejectionreasons - 200 53 application/json; charset=utf-8 139.2716ms
2026-08-10 11:02:19.587 +05:30 [INF] HTTP GET /api/emailtemplates → 200 in 119.6ms
2026-08-10 11:02:19.590 +05:30 [INF] Route matched with {action = "Get", controller = "Settings"}. Executing controller action with signature System.Threading.Tasks.Task`1[Microsoft.AspNetCore.Mvc.IActionResult] Get(System.String) on controller LoanMS.API.Controllers.SettingsController (LoanMS.API).
2026-08-10 11:02:19.593 +05:30 [INF] Request starting HTTP/1.1 GET http://localhost:7070/api/users/profile - application/json null
2026-08-10 11:02:19.597 +05:30 [INF] Request finished HTTP/1.1 GET http://localhost:7070/api/productoffermatrix - 200 53 application/json; charset=utf-8 142.6808ms
2026-08-10 11:02:19.600 +05:30 [INF] Executed DbCommand (0ms) [Parameters=[@CurrentUserId='?' (DbType = Int32)], CommandType='"Text"', CommandTimeout='30']
SELECT "l"."Id" AS "loanId", "l"."WizardStep" AS "step", "l"."LoanType" AS "loanType", "c0"."FullName" AS "fullName", "l"."CreatedAt" AS "createdAt", COALESCE("l"."UpdatedAt", "l"."CreatedAt") AS "updatedAt", "l"."CreatedByUserId" AS "createdByUserId", "u0"."Email" AS "createdByUserEmail"
FROM "Loans" AS "l"
INNER JOIN (
    SELECT "c"."Id", "c"."FullName"
    FROM "Customers" AS "c"
    WHERE NOT ("c"."IsDeleted")
) AS "c0" ON "l"."CustomerId" = "c0"."Id"
INNER JOIN (
    SELECT "u"."Id", "u"."Email"
    FROM "Users" AS "u"
    WHERE NOT ("u"."IsDeleted")
) AS "u0" ON "l"."CreatedByUserId" = "u0"."Id"
WHERE NOT ("l"."IsDeleted") AND NOT ("l"."IsDeleted") AND "l"."Status" = 'Draft' AND "l"."CreatedByUserId" = @CurrentUserId
ORDER BY COALESCE("l"."UpdatedAt", "l"."CreatedAt") DESC
2026-08-10 11:02:19.601 +05:30 [INF] Request starting HTTP/1.1 GET http://localhost:7070/api/reports/pipeline - application/json null
2026-08-10 11:02:19.605 +05:30 [INF] Request finished HTTP/1.1 GET http://localhost:7070/api/emailtemplates - 200 53 application/json; charset=utf-8 155.0393ms
2026-08-10 11:02:19.614 +05:30 [INF] Executing endpoint 'LoanMS.API.Controllers.UsersController.GetProfile (LoanMS.API)'
2026-08-10 11:02:19.617 +05:30 [INF] Request starting HTTP/1.1 GET http://localhost:7070/api/reports/performance - application/json null
2026-08-10 11:02:19.621 +05:30 [INF] Executing OkObjectResult, writing value of type 'LoanMS.Application.DTOs.ApiResponseDto`1[[System.Object, System.Private.CoreLib, Version=10.0.0.0, Culture=neutral, PublicKeyToken=7cec85d7bea7798e]]'.
2026-08-10 11:02:19.625 +05:30 [INF] Executed DbCommand (0ms) [Parameters=[@key='?' (Size = 21)], CommandType='"Text"', CommandTimeout='30']
SELECT "a"."Id", "a"."Category", "a"."CreatedAt", "a"."IsDeleted", "a"."Key", "a"."UpdatedAt", "a"."UserId", "a"."Value"
FROM "AppSettings" AS "a"
WHERE NOT ("a"."IsDeleted") AND "a"."Key" = @key
LIMIT 1
2026-08-10 11:02:19.625 +05:30 [INF] Executing endpoint 'LoanMS.API.Controllers.ReportsController.Pipeline (LoanMS.API)'
2026-08-10 11:02:19.644 +05:30 [INF] Executing NotFoundObjectResult, writing value of type 'LoanMS.Application.DTOs.ApiResponseDto`1[[System.Boolean, System.Private.CoreLib, Version=10.0.0.0, Culture=neutral, PublicKeyToken=7cec85d7bea7798e]]'.
2026-08-10 11:02:19.636 +05:30 [INF] Executing endpoint 'LoanMS.API.Controllers.ReportsController.Performance (LoanMS.API)'
2026-08-10 11:02:19.640 +05:30 [INF] Executed action LoanMS.API.Controllers.WizardController.ListDrafts (LoanMS.API) in 71.305ms
2026-08-10 11:02:19.642 +05:30 [INF] Route matched with {action = "GetProfile", controller = "Users"}. Executing controller action with signature System.Threading.Tasks.Task`1[Microsoft.AspNetCore.Mvc.IActionResult] GetProfile() on controller LoanMS.API.Controllers.UsersController (LoanMS.API).
2026-08-10 11:02:19.630 +05:30 [INF] Request starting HTTP/1.1 GET http://localhost:7070/api/reports/disbursement - application/json null
2026-08-10 11:02:19.650 +05:30 [INF] Executed action LoanMS.API.Controllers.SettingsController.Get (LoanMS.API) in 42.8626ms
2026-08-10 11:02:19.651 +05:30 [INF] Executed endpoint 'LoanMS.API.Controllers.WizardController.ListDrafts (LoanMS.API)'
2026-08-10 11:02:19.658 +05:30 [INF] Route matched with {action = "Pipeline", controller = "Reports"}. Executing controller action with signature System.Threading.Tasks.Task`1[Microsoft.AspNetCore.Mvc.IActionResult] Pipeline(System.Nullable`1[System.DateTime], System.Nullable`1[System.DateTime]) on controller LoanMS.API.Controllers.ReportsController (LoanMS.API).
2026-08-10 11:02:19.664 +05:30 [INF] Executing endpoint 'LoanMS.API.Controllers.ReportsController.Disbursement (LoanMS.API)'
2026-08-10 11:02:19.665 +05:30 [INF] Executed endpoint 'LoanMS.API.Controllers.SettingsController.Get (LoanMS.API)'
2026-08-10 11:02:19.665 +05:30 [INF] Route matched with {action = "Performance", controller = "Reports"}. Executing controller action with signature System.Threading.Tasks.Task`1[Microsoft.AspNetCore.Mvc.IActionResult] Performance(System.Nullable`1[System.DateTime], System.Nullable`1[System.DateTime]) on controller LoanMS.API.Controllers.ReportsController (LoanMS.API).
2026-08-10 11:02:19.667 +05:30 [INF] HTTP GET /api/wizard/drafts → 200 in 141.6ms
2026-08-10 11:02:19.674 +05:30 [INF] HTTP GET /api/settings/efin_role_permissions → 404 in 109.2ms
2026-08-10 11:02:19.681 +05:30 [INF] Request finished HTTP/1.1 GET http://localhost:7070/api/wizard/drafts - 200 53 application/json; charset=utf-8 165.7659ms
2026-08-10 11:02:19.682 +05:30 [INF] Executed DbCommand (0ms) [Parameters=[@id='?' (DbType = Int32)], CommandType='"Text"', CommandTimeout='30']
SELECT "u"."Id", "u"."CreatedAt", "u"."Email", "u"."FailedLoginAttempts", "u"."FullName", "u"."IsActive", "u"."IsDeleted", "u"."LocationId", "u"."LocationName", "u"."LockedUntil", "u"."MustChangePassword", "u"."OpTeam", "u"."PasswordHash", "u"."PhoneNumber", "u"."PhotoData", "u"."RefreshToken", "u"."RefreshTokenExpiry", "u"."Role", "u"."SalesTeam", "u"."UpdatedAt"
FROM "Users" AS "u"
WHERE NOT ("u"."IsDeleted") AND "u"."Id" = @id
LIMIT 1
2026-08-10 11:02:19.683 +05:30 [INF] Request finished HTTP/1.1 GET http://localhost:7070/api/settings/efin_role_permissions - 404 77 application/json; charset=utf-8 133.7971ms
2026-08-10 11:02:19.684 +05:30 [INF] Route matched with {action = "Disbursement", controller = "Reports"}. Executing controller action with signature System.Threading.Tasks.Task`1[Microsoft.AspNetCore.Mvc.IActionResult] Disbursement(System.Nullable`1[System.DateTime], System.Nullable`1[System.DateTime]) on controller LoanMS.API.Controllers.ReportsController (LoanMS.API).
2026-08-10 11:02:19.695 +05:30 [INF] Executing OkObjectResult, writing value of type 'LoanMS.Application.DTOs.ApiResponseDto`1[[LoanMS.Application.DTOs.UserDto, LoanMS.Application, Version=1.0.0.0, Culture=neutral, PublicKeyToken=null]]'.
2026-08-10 11:02:19.699 +05:30 [INF] Request starting HTTP/1.1 GET http://localhost:7070/api/settings/efin_menu_visibility - null null
2026-08-10 11:02:19.706 +05:30 [INF] Executed action LoanMS.API.Controllers.UsersController.GetProfile (LoanMS.API) in 49.3465ms
2026-08-10 11:02:19.711 +05:30 [INF] Executing endpoint 'LoanMS.API.Controllers.SettingsController.Get (LoanMS.API)'
2026-08-10 11:02:19.713 +05:30 [INF] Executed endpoint 'LoanMS.API.Controllers.UsersController.GetProfile (LoanMS.API)'
2026-08-10 11:02:19.715 +05:30 [INF] Route matched with {action = "Get", controller = "Settings"}. Executing controller action with signature System.Threading.Tasks.Task`1[Microsoft.AspNetCore.Mvc.IActionResult] Get(System.String) on controller LoanMS.API.Controllers.SettingsController (LoanMS.API).
2026-08-10 11:02:19.717 +05:30 [INF] HTTP GET /api/users/profile → 200 in 103.8ms
2026-08-10 11:02:19.724 +05:30 [INF] Executed DbCommand (0ms) [Parameters=[], CommandType='"Text"', CommandTimeout='30']
SELECT "l"."LoanNumber", "c0"."FullName" AS "CustomerName", "l"."LoanType", "l"."ApprovedAmount", "l"."InterestRate", "l"."TenureMonths", "u0"."FullName" AS "SalesPerson", "l"."DisbursedAt"
FROM "Loans" AS "l"
INNER JOIN (
    SELECT "c"."Id", "c"."FullName"
    FROM "Customers" AS "c"
    WHERE NOT ("c"."IsDeleted")
) AS "c0" ON "l"."CustomerId" = "c0"."Id"
INNER JOIN (
    SELECT "u"."Id", "u"."FullName"
    FROM "Users" AS "u"
    WHERE NOT ("u"."IsDeleted")
) AS "u0" ON "l"."CreatedByUserId" = "u0"."Id"
WHERE NOT ("l"."IsDeleted") AND "l"."Status" = 'Disbursed'
2026-08-10 11:02:19.725 +05:30 [INF] Request finished HTTP/1.1 GET http://localhost:7070/api/users/profile - 200 270 application/json; charset=utf-8 131.5432ms
2026-08-10 11:02:19.730 +05:30 [INF] Executed DbCommand (0ms) [Parameters=[@key='?' (Size = 20)], CommandType='"Text"', CommandTimeout='30']
SELECT "a"."Id", "a"."Category", "a"."CreatedAt", "a"."IsDeleted", "a"."Key", "a"."UpdatedAt", "a"."UserId", "a"."Value"
FROM "AppSettings" AS "a"
WHERE NOT ("a"."IsDeleted") AND "a"."Key" = @key
LIMIT 1
2026-08-10 11:02:19.731 +05:30 [INF] Executing OkObjectResult, writing value of type 'LoanMS.Application.DTOs.ApiResponseDto`1[[System.Object, System.Private.CoreLib, Version=10.0.0.0, Culture=neutral, PublicKeyToken=7cec85d7bea7798e]]'.
2026-08-10 11:02:19.734 +05:30 [INF] Executed DbCommand (0ms) [Parameters=[], CommandType='"Text"', CommandTimeout='30']
SELECT CAST("l"."Status" AS TEXT) AS "Status", COUNT(*) AS "Count", COALESCE(ef_sum("l"."RequestedAmount"), '0.0') AS "Total"
FROM "Loans" AS "l"
WHERE NOT ("l"."IsDeleted")
GROUP BY "l"."Status"
2026-08-10 11:02:19.740 +05:30 [INF] Executing NotFoundObjectResult, writing value of type 'LoanMS.Application.DTOs.ApiResponseDto`1[[System.Boolean, System.Private.CoreLib, Version=10.0.0.0, Culture=neutral, PublicKeyToken=7cec85d7bea7798e]]'.
2026-08-10 11:02:19.747 +05:30 [INF] Executed action LoanMS.API.Controllers.ReportsController.Disbursement (LoanMS.API) in 45.6694ms
2026-08-10 11:02:19.748 +05:30 [INF] Executing OkObjectResult, writing value of type 'LoanMS.Application.DTOs.ApiResponseDto`1[[System.Object, System.Private.CoreLib, Version=10.0.0.0, Culture=neutral, PublicKeyToken=7cec85d7bea7798e]]'.
2026-08-10 11:02:19.750 +05:30 [INF] Executed action LoanMS.API.Controllers.SettingsController.Get (LoanMS.API) in 29.1869ms
2026-08-10 11:02:19.751 +05:30 [INF] Executed endpoint 'LoanMS.API.Controllers.ReportsController.Disbursement (LoanMS.API)'
2026-08-10 11:02:19.758 +05:30 [INF] Executed endpoint 'LoanMS.API.Controllers.SettingsController.Get (LoanMS.API)'
2026-08-10 11:02:19.758 +05:30 [INF] Executed action LoanMS.API.Controllers.ReportsController.Pipeline (LoanMS.API) in 88.4924ms
2026-08-10 11:02:19.759 +05:30 [INF] Executed DbCommand (0ms) [Parameters=[], CommandType='"Text"', CommandTimeout='30']
SELECT "u0"."FullName" AS "SalesPerson", COUNT(*) AS "TotalApps", COUNT(CASE
    WHEN "l"."Status" = 'Disbursed' THEN 1
END) AS "Disbursed", COUNT(CASE
    WHEN "l"."Status" = 'Rejected' THEN 1
END) AS "Rejected", COALESCE(ef_sum("l"."RequestedAmount"), '0.0') AS "TotalAmount", COALESCE(ef_sum(CASE
    WHEN "l"."ApprovedAmount" IS NOT NULL THEN "l"."ApprovedAmount"
END), '0.0') AS "DisbursedAmount"
FROM "Loans" AS "l"
INNER JOIN (
    SELECT "u"."Id", "u"."FullName"
    FROM "Users" AS "u"
    WHERE NOT ("u"."IsDeleted")
) AS "u0" ON "l"."CreatedByUserId" = "u0"."Id"
WHERE NOT ("l"."IsDeleted")
GROUP BY "u0"."FullName"
2026-08-10 11:02:19.759 +05:30 [INF] HTTP GET /api/reports/disbursement → 200 in 97.6ms
2026-08-10 11:02:19.762 +05:30 [INF] HTTP GET /api/settings/efin_menu_visibility → 404 in 53.5ms
2026-08-10 11:02:19.764 +05:30 [INF] Executed endpoint 'LoanMS.API.Controllers.ReportsController.Pipeline (LoanMS.API)'
2026-08-10 11:02:19.767 +05:30 [INF] Executing OkObjectResult, writing value of type 'LoanMS.Application.DTOs.ApiResponseDto`1[[System.Object, System.Private.CoreLib, Version=10.0.0.0, Culture=neutral, PublicKeyToken=7cec85d7bea7798e]]'.
2026-08-10 11:02:19.769 +05:30 [INF] Request finished HTTP/1.1 GET http://localhost:7070/api/reports/disbursement - 200 53 application/json; charset=utf-8 138.8883ms
2026-08-10 11:02:19.772 +05:30 [INF] Request finished HTTP/1.1 GET http://localhost:7070/api/settings/efin_menu_visibility - 404 77 application/json; charset=utf-8 73.0865ms
2026-08-10 11:02:19.774 +05:30 [INF] HTTP GET /api/reports/pipeline → 200 in 149.4ms
2026-08-10 11:02:19.781 +05:30 [INF] Executed action LoanMS.API.Controllers.ReportsController.Performance (LoanMS.API) in 102.7077ms
2026-08-10 11:02:19.808 +05:30 [INF] Executed endpoint 'LoanMS.API.Controllers.ReportsController.Performance (LoanMS.API)'
2026-08-10 11:02:19.798 +05:30 [INF] Request finished HTTP/1.1 GET http://localhost:7070/api/reports/pipeline - 200 53 application/json; charset=utf-8 197.2261ms
2026-08-10 11:02:19.855 +05:30 [INF] HTTP GET /api/reports/performance → 200 in 218.8ms
2026-08-10 11:02:19.866 +05:30 [INF] Request finished HTTP/1.1 GET http://localhost:7070/api/reports/performance - 200 53 application/json; charset=utf-8 249.0118ms
2026-08-10 11:02:20.588 +05:30 [INF] Request starting HTTP/1.1 GET http://localhost:7070/api/payout - application/json null
2026-08-10 11:02:20.596 +05:30 [INF] Executing endpoint 'LoanMS.API.Controllers.PayoutController.GetAll (LoanMS.API)'
2026-08-10 11:02:20.615 +05:30 [INF] Route matched with {action = "GetAll", controller = "Payout"}. Executing controller action with signature System.Threading.Tasks.Task`1[Microsoft.AspNetCore.Mvc.IActionResult] GetAll(System.String, Boolean) on controller LoanMS.API.Controllers.PayoutController (LoanMS.API).
2026-08-10 11:02:20.661 +05:30 [INF] Executed DbCommand (1ms) [Parameters=[], CommandType='"Text"', CommandTimeout='30']
SELECT "p"."Id", "p"."Status", "p"."ClaimAmount", "p"."Month", "p"."Notes", "p"."ClaimType", "p"."CreatedAt", "p"."VerifiedAt", "p"."PaidAt", "l0"."LoanNumber", "c0"."FullName" AS "CustomerName", "u0"."FullName" AS "ClaimedBy", "u2"."FullName" AS "ProcessedBy"
FROM "PayoutClaims" AS "p"
INNER JOIN (
    SELECT "l"."Id", "l"."CustomerId", "l"."LoanNumber"
    FROM "Loans" AS "l"
    WHERE NOT ("l"."IsDeleted")
) AS "l0" ON "p"."LoanId" = "l0"."Id"
INNER JOIN (
    SELECT "c"."Id", "c"."FullName"
    FROM "Customers" AS "c"
    WHERE NOT ("c"."IsDeleted")
) AS "c0" ON "l0"."CustomerId" = "c0"."Id"
INNER JOIN (
    SELECT "u"."Id", "u"."FullName"
    FROM "Users" AS "u"
    WHERE NOT ("u"."IsDeleted")
) AS "u0" ON "p"."ClaimedByUserId" = "u0"."Id"
LEFT JOIN (
    SELECT "u1"."Id", "u1"."FullName"
    FROM "Users" AS "u1"
    WHERE NOT ("u1"."IsDeleted")
) AS "u2" ON "p"."ProcessedByUserId" = "u2"."Id"
WHERE NOT ("p"."IsDeleted")
ORDER BY "p"."CreatedAt" DESC
2026-08-10 11:02:20.667 +05:30 [INF] Executing OkObjectResult, writing value of type 'LoanMS.Application.DTOs.ApiResponseDto`1[[System.Object, System.Private.CoreLib, Version=10.0.0.0, Culture=neutral, PublicKeyToken=7cec85d7bea7798e]]'.
2026-08-10 11:02:20.679 +05:30 [INF] Executed action LoanMS.API.Controllers.PayoutController.GetAll (LoanMS.API) in 62.1451ms
2026-08-10 11:02:20.687 +05:30 [INF] Executed endpoint 'LoanMS.API.Controllers.PayoutController.GetAll (LoanMS.API)'
2026-08-10 11:02:20.693 +05:30 [INF] HTTP GET /api/payout → 200 in 97.7ms
2026-08-10 11:02:20.705 +05:30 [INF] Request finished HTTP/1.1 GET http://localhost:7070/api/payout - 200 53 application/json; charset=utf-8 117.4307ms
2026-08-10 11:03:19.021 +05:30 [INF] Request starting HTTP/1.1 GET http://localhost:7070/api/expertexport/access - application/json null
2026-08-10 11:03:19.040 +05:30 [INF] Executing endpoint 'LoanMS.API.Controllers.ExpertExportController.GetAccess (LoanMS.API)'
2026-08-10 11:03:19.051 +05:30 [INF] Route matched with {action = "GetAccess", controller = "ExpertExport"}. Executing controller action with signature System.Threading.Tasks.Task`1[Microsoft.AspNetCore.Mvc.IActionResult] GetAccess() on controller LoanMS.API.Controllers.ExpertExportController (LoanMS.API).
2026-08-10 11:03:19.058 +05:30 [INF] Executed DbCommand (0ms) [Parameters=[], CommandType='"Text"', CommandTimeout='30']
SELECT "a"."Value"
FROM "AppSettings" AS "a"
WHERE NOT ("a"."IsDeleted") AND "a"."Key" = 'expert_export_roles' AND NOT ("a"."IsDeleted")
LIMIT 1
2026-08-10 11:03:19.065 +05:30 [INF] Executed DbCommand (0ms) [Parameters=[], CommandType='"Text"', CommandTimeout='30']
SELECT "a"."Value"
FROM "AppSettings" AS "a"
WHERE NOT ("a"."IsDeleted") AND "a"."Key" = 'expert_export_users' AND NOT ("a"."IsDeleted")
LIMIT 1
2026-08-10 11:03:19.072 +05:30 [INF] Executing OkObjectResult, writing value of type '<>f__AnonymousType41`1[[System.Boolean, System.Private.CoreLib, Version=10.0.0.0, Culture=neutral, PublicKeyToken=7cec85d7bea7798e]]'.
2026-08-10 11:03:19.076 +05:30 [INF] Executed action LoanMS.API.Controllers.ExpertExportController.GetAccess (LoanMS.API) in 20.8959ms
2026-08-10 11:03:19.080 +05:30 [INF] Executed endpoint 'LoanMS.API.Controllers.ExpertExportController.GetAccess (LoanMS.API)'
2026-08-10 11:03:19.086 +05:30 [INF] HTTP GET /api/expertexport/access → 200 in 46.0ms
2026-08-10 11:03:19.090 +05:30 [INF] Request finished HTTP/1.1 GET http://localhost:7070/api/expertexport/access - 200 17 application/json; charset=utf-8 68.5433ms
2026-08-10 11:04:19.015 +05:30 [INF] Request starting HTTP/1.1 GET http://localhost:7070/api/expertexport/access - application/json null
2026-08-10 11:04:19.020 +05:30 [INF] Executing endpoint 'LoanMS.API.Controllers.ExpertExportController.GetAccess (LoanMS.API)'
2026-08-10 11:04:19.022 +05:30 [INF] Route matched with {action = "GetAccess", controller = "ExpertExport"}. Executing controller action with signature System.Threading.Tasks.Task`1[Microsoft.AspNetCore.Mvc.IActionResult] GetAccess() on controller LoanMS.API.Controllers.ExpertExportController (LoanMS.API).
2026-08-10 11:04:19.027 +05:30 [INF] Executed DbCommand (0ms) [Parameters=[], CommandType='"Text"', CommandTimeout='30']
SELECT "a"."Value"
FROM "AppSettings" AS "a"
WHERE NOT ("a"."IsDeleted") AND "a"."Key" = 'expert_export_roles' AND NOT ("a"."IsDeleted")
LIMIT 1
2026-08-10 11:04:19.033 +05:30 [INF] Executed DbCommand (0ms) [Parameters=[], CommandType='"Text"', CommandTimeout='30']
SELECT "a"."Value"
FROM "AppSettings" AS "a"
WHERE NOT ("a"."IsDeleted") AND "a"."Key" = 'expert_export_users' AND NOT ("a"."IsDeleted")
LIMIT 1
2026-08-10 11:04:19.037 +05:30 [INF] Executing OkObjectResult, writing value of type '<>f__AnonymousType41`1[[System.Boolean, System.Private.CoreLib, Version=10.0.0.0, Culture=neutral, PublicKeyToken=7cec85d7bea7798e]]'.
2026-08-10 11:04:19.040 +05:30 [INF] Executed action LoanMS.API.Controllers.ExpertExportController.GetAccess (LoanMS.API) in 14.1669ms
2026-08-10 11:04:19.043 +05:30 [INF] Executed endpoint 'LoanMS.API.Controllers.ExpertExportController.GetAccess (LoanMS.API)'
2026-08-10 11:04:19.046 +05:30 [INF] HTTP GET /api/expertexport/access → 200 in 26.4ms
2026-08-10 11:04:19.048 +05:30 [INF] Request finished HTTP/1.1 GET http://localhost:7070/api/expertexport/access - 200 17 application/json; charset=utf-8 33.4234ms
2026-08-10 11:05:19.015 +05:30 [INF] Request starting HTTP/1.1 GET http://localhost:7070/api/expertexport/access - application/json null
2026-08-10 11:05:19.047 +05:30 [INF] Executing endpoint 'LoanMS.API.Controllers.ExpertExportController.GetAccess (LoanMS.API)'
2026-08-10 11:05:19.053 +05:30 [INF] Route matched with {action = "GetAccess", controller = "ExpertExport"}. Executing controller action with signature System.Threading.Tasks.Task`1[Microsoft.AspNetCore.Mvc.IActionResult] GetAccess() on controller LoanMS.API.Controllers.ExpertExportController (LoanMS.API).
2026-08-10 11:05:19.064 +05:30 [INF] Executed DbCommand (0ms) [Parameters=[], CommandType='"Text"', CommandTimeout='30']
SELECT "a"."Value"
FROM "AppSettings" AS "a"
WHERE NOT ("a"."IsDeleted") AND "a"."Key" = 'expert_export_roles' AND NOT ("a"."IsDeleted")
LIMIT 1
2026-08-10 11:05:19.071 +05:30 [INF] Executed DbCommand (0ms) [Parameters=[], CommandType='"Text"', CommandTimeout='30']
SELECT "a"."Value"
FROM "AppSettings" AS "a"
WHERE NOT ("a"."IsDeleted") AND "a"."Key" = 'expert_export_users' AND NOT ("a"."IsDeleted")
LIMIT 1
2026-08-10 11:05:19.077 +05:30 [INF] Executing OkObjectResult, writing value of type '<>f__AnonymousType41`1[[System.Boolean, System.Private.CoreLib, Version=10.0.0.0, Culture=neutral, PublicKeyToken=7cec85d7bea7798e]]'.
2026-08-10 11:05:19.082 +05:30 [INF] Executed action LoanMS.API.Controllers.ExpertExportController.GetAccess (LoanMS.API) in 19.9952ms
2026-08-10 11:05:19.091 +05:30 [INF] Executed endpoint 'LoanMS.API.Controllers.ExpertExportController.GetAccess (LoanMS.API)'
2026-08-10 11:05:19.098 +05:30 [INF] HTTP GET /api/expertexport/access → 200 in 51.0ms
2026-08-10 11:05:19.107 +05:30 [INF] Request finished HTTP/1.1 GET http://localhost:7070/api/expertexport/access - 200 17 application/json; charset=utf-8 91.2971ms
2026-08-10 11:06:19.011 +05:30 [INF] Request starting HTTP/1.1 GET http://localhost:7070/api/expertexport/access - application/json null
2026-08-10 11:06:19.020 +05:30 [INF] Executing endpoint 'LoanMS.API.Controllers.ExpertExportController.GetAccess (LoanMS.API)'
2026-08-10 11:06:19.030 +05:30 [INF] Route matched with {action = "GetAccess", controller = "ExpertExport"}. Executing controller action with signature System.Threading.Tasks.Task`1[Microsoft.AspNetCore.Mvc.IActionResult] GetAccess() on controller LoanMS.API.Controllers.ExpertExportController (LoanMS.API).
2026-08-10 11:06:19.049 +05:30 [INF] Executed DbCommand (0ms) [Parameters=[], CommandType='"Text"', CommandTimeout='30']
SELECT "a"."Value"
FROM "AppSettings" AS "a"
WHERE NOT ("a"."IsDeleted") AND "a"."Key" = 'expert_export_roles' AND NOT ("a"."IsDeleted")
LIMIT 1
2026-08-10 11:06:19.063 +05:30 [INF] Executed DbCommand (0ms) [Parameters=[], CommandType='"Text"', CommandTimeout='30']
SELECT "a"."Value"
FROM "AppSettings" AS "a"
WHERE NOT ("a"."IsDeleted") AND "a"."Key" = 'expert_export_users' AND NOT ("a"."IsDeleted")
LIMIT 1
2026-08-10 11:06:19.070 +05:30 [INF] Executing OkObjectResult, writing value of type '<>f__AnonymousType41`1[[System.Boolean, System.Private.CoreLib, Version=10.0.0.0, Culture=neutral, PublicKeyToken=7cec85d7bea7798e]]'.
2026-08-10 11:06:19.078 +05:30 [INF] Executed action LoanMS.API.Controllers.ExpertExportController.GetAccess (LoanMS.API) in 32.3691ms
2026-08-10 11:06:19.084 +05:30 [INF] Executed endpoint 'LoanMS.API.Controllers.ExpertExportController.GetAccess (LoanMS.API)'
2026-08-10 11:06:19.091 +05:30 [INF] HTTP GET /api/expertexport/access → 200 in 71.0ms
2026-08-10 11:06:19.101 +05:30 [INF] Request finished HTTP/1.1 GET http://localhost:7070/api/expertexport/access - 200 17 application/json; charset=utf-8 90.4546ms
2026-08-10 11:07:41.035 +05:30 [INF] Request starting HTTP/1.1 GET http://localhost:7070/api/expertexport/access - application/json null
2026-08-10 11:07:41.073 +05:30 [INF] Executing endpoint 'LoanMS.API.Controllers.ExpertExportController.GetAccess (LoanMS.API)'
2026-08-10 11:07:41.077 +05:30 [INF] Route matched with {action = "GetAccess", controller = "ExpertExport"}. Executing controller action with signature System.Threading.Tasks.Task`1[Microsoft.AspNetCore.Mvc.IActionResult] GetAccess() on controller LoanMS.API.Controllers.ExpertExportController (LoanMS.API).
2026-08-10 11:07:41.085 +05:30 [INF] Executed DbCommand (0ms) [Parameters=[], CommandType='"Text"', CommandTimeout='30']
SELECT "a"."Value"
FROM "AppSettings" AS "a"
WHERE NOT ("a"."IsDeleted") AND "a"."Key" = 'expert_export_roles' AND NOT ("a"."IsDeleted")
LIMIT 1
2026-08-10 11:07:41.088 +05:30 [INF] Executed DbCommand (0ms) [Parameters=[], CommandType='"Text"', CommandTimeout='30']
SELECT "a"."Value"
FROM "AppSettings" AS "a"
WHERE NOT ("a"."IsDeleted") AND "a"."Key" = 'expert_export_users' AND NOT ("a"."IsDeleted")
LIMIT 1
2026-08-10 11:07:41.090 +05:30 [INF] Executing OkObjectResult, writing value of type '<>f__AnonymousType41`1[[System.Boolean, System.Private.CoreLib, Version=10.0.0.0, Culture=neutral, PublicKeyToken=7cec85d7bea7798e]]'.
2026-08-10 11:07:41.091 +05:30 [INF] Executed action LoanMS.API.Controllers.ExpertExportController.GetAccess (LoanMS.API) in 7.466ms
2026-08-10 11:07:41.092 +05:30 [INF] Executed endpoint 'LoanMS.API.Controllers.ExpertExportController.GetAccess (LoanMS.API)'
2026-08-10 11:07:41.093 +05:30 [INF] HTTP GET /api/expertexport/access → 200 in 20.6ms
2026-08-10 11:07:41.097 +05:30 [INF] Request finished HTTP/1.1 GET http://localhost:7070/api/expertexport/access - 200 17 application/json; charset=utf-8 61.5185ms
2026-08-10 11:08:18.925 +05:30 [INF] Request starting HTTP/1.1 GET http://localhost:7070/api/loans/bulk?pageSize=500 - application/json null
2026-08-10 11:08:18.926 +05:30 [INF] Request starting HTTP/1.1 GET http://localhost:7070/api/users - application/json null
2026-08-10 11:08:18.926 +05:30 [INF] Request starting HTTP/1.1 GET http://localhost:7070/api/teams - application/json null
2026-08-10 11:08:18.926 +05:30 [INF] Request starting HTTP/1.1 GET http://localhost:7070/api/tickets - application/json null
2026-08-10 11:08:18.926 +05:30 [INF] Request starting HTTP/1.1 GET http://localhost:7070/api/incred/rm - application/json null
2026-08-10 11:08:18.927 +05:30 [INF] Request starting HTTP/1.1 GET http://localhost:7070/api/tasks - application/json null
2026-08-10 11:08:18.930 +05:30 [INF] Executing endpoint 'LoanMS.API.Controllers.LoansController.GetBulk (LoanMS.API)'
2026-08-10 11:08:18.931 +05:30 [INF] Executing endpoint 'LoanMS.API.Controllers.UsersController.GetAll (LoanMS.API)'
2026-08-10 11:08:18.933 +05:30 [INF] Executing endpoint 'LoanMS.API.Controllers.TeamsController.GetAll (LoanMS.API)'
2026-08-10 11:08:18.936 +05:30 [INF] Executing endpoint 'LoanMS.API.Controllers.TicketsController.GetAll (LoanMS.API)'
2026-08-10 11:08:18.940 +05:30 [INF] Executing endpoint 'LoanMS.API.Controllers.IncredController.GetRmEmails (LoanMS.API)'
2026-08-10 11:08:18.941 +05:30 [INF] Executing endpoint 'LoanMS.API.Controllers.TasksController.GetAll (LoanMS.API)'
2026-08-10 11:08:18.942 +05:30 [INF] Route matched with {action = "GetBulk", controller = "Loans"}. Executing controller action with signature System.Threading.Tasks.Task`1[Microsoft.AspNetCore.Mvc.IActionResult] GetBulk(Int32) on controller LoanMS.API.Controllers.LoansController (LoanMS.API).
2026-08-10 11:08:18.943 +05:30 [INF] Route matched with {action = "GetAll", controller = "Users"}. Executing controller action with signature System.Threading.Tasks.Task`1[Microsoft.AspNetCore.Mvc.IActionResult] GetAll() on controller LoanMS.API.Controllers.UsersController (LoanMS.API).
2026-08-10 11:08:18.945 +05:30 [INF] Route matched with {action = "GetAll", controller = "Teams"}. Executing controller action with signature System.Threading.Tasks.Task`1[Microsoft.AspNetCore.Mvc.IActionResult] GetAll(System.String) on controller LoanMS.API.Controllers.TeamsController (LoanMS.API).
2026-08-10 11:08:18.946 +05:30 [INF] Route matched with {action = "GetAll", controller = "Tickets"}. Executing controller action with signature System.Threading.Tasks.Task`1[Microsoft.AspNetCore.Mvc.IActionResult] GetAll(System.String) on controller LoanMS.API.Controllers.TicketsController (LoanMS.API).
2026-08-10 11:08:18.947 +05:30 [INF] Route matched with {action = "GetRmEmails", controller = "Incred"}. Executing controller action with signature System.Threading.Tasks.Task`1[Microsoft.AspNetCore.Mvc.IActionResult] GetRmEmails() on controller LoanMS.API.Controllers.IncredController (LoanMS.API).
2026-08-10 11:08:18.948 +05:30 [INF] Route matched with {action = "GetAll", controller = "Tasks"}. Executing controller action with signature System.Threading.Tasks.Task`1[Microsoft.AspNetCore.Mvc.IActionResult] GetAll(System.Nullable`1[System.Int32], System.Nullable`1[System.Boolean]) on controller LoanMS.API.Controllers.TasksController (LoanMS.API).
2026-08-10 11:08:18.954 +05:30 [INF] Executed DbCommand (0ms) [Parameters=[], CommandType='"Text"', CommandTimeout='30']
SELECT COUNT(*)
FROM "Loans" AS "l"
WHERE 0
2026-08-10 11:08:18.965 +05:30 [INF] Executed DbCommand (4ms) [Parameters=[], CommandType='"Text"', CommandTimeout='30']
SELECT "t"."Id", "t"."Name", "t"."Type", "t"."LocationId", "u0"."FullName", "u0"."Id", "s"."UserId", "s"."FullName", "s"."Email", "s"."Id", "s"."Id0"
FROM "Teams" AS "t"
LEFT JOIN (
    SELECT "u"."Id", "u"."FullName"
    FROM "Users" AS "u"
    WHERE NOT ("u"."IsDeleted")
) AS "u0" ON "t"."TeamLeadUserId" = "u0"."Id"
LEFT JOIN (
    SELECT "t0"."UserId", "u2"."FullName", "u2"."Email", "t0"."Id", "u2"."Id" AS "Id0", "t0"."TeamId"
    FROM "TeamMembers" AS "t0"
    INNER JOIN (
        SELECT "u1"."Id", "u1"."Email", "u1"."FullName"
        FROM "Users" AS "u1"
        WHERE NOT ("u1"."IsDeleted")
    ) AS "u2" ON "t0"."UserId" = "u2"."Id"
    WHERE NOT ("t0"."IsDeleted")
) AS "s" ON "t"."Id" = "s"."TeamId"
WHERE NOT ("t"."IsDeleted")
ORDER BY "t"."Id", "u0"."Id", "s"."Id"
2026-08-10 11:08:18.969 +05:30 [INF] Executed DbCommand (6ms) [Parameters=[], CommandType='"Text"', CommandTimeout='30']
SELECT "t"."Id", "t"."Title", "t"."Description", "t"."Status", "t"."Priority", "t"."LoanId", "u0"."FullName" AS "CreatedBy", "u2"."FullName" AS "AssignedTo", "t"."AssignedToUserId", "t"."CreatedAt", "t"."UpdatedAt", "t"."ClosedAt"
FROM "Tickets" AS "t"
INNER JOIN (
    SELECT "u"."Id", "u"."FullName"
    FROM "Users" AS "u"
    WHERE NOT ("u"."IsDeleted")
) AS "u0" ON "t"."CreatedByUserId" = "u0"."Id"
LEFT JOIN (
    SELECT "u1"."Id", "u1"."FullName"
    FROM "Users" AS "u1"
    WHERE NOT ("u1"."IsDeleted")
) AS "u2" ON "t"."AssignedToUserId" = "u2"."Id"
WHERE NOT ("t"."IsDeleted")
ORDER BY "t"."CreatedAt" DESC
2026-08-10 11:08:18.969 +05:30 [INF] Executed DbCommand (6ms) [Parameters=[], CommandType='"Text"', CommandTimeout='30']
SELECT "u"."Id", "u"."CreatedAt", "u"."Email", "u"."FailedLoginAttempts", "u"."FullName", "u"."IsActive", "u"."IsDeleted", "u"."LocationId", "u"."LocationName", "u"."LockedUntil", "u"."MustChangePassword", "u"."OpTeam", "u"."PasswordHash", "u"."PhoneNumber", "u"."PhotoData", "u"."RefreshToken", "u"."RefreshTokenExpiry", "u"."Role", "u"."SalesTeam", "u"."UpdatedAt"
FROM "Users" AS "u"
WHERE NOT ("u"."IsDeleted") AND "u"."IsActive"
ORDER BY "u"."FullName"
2026-08-10 11:08:18.973 +05:30 [INF] Executed DbCommand (5ms) [Parameters=[], CommandType='"Text"', CommandTimeout='30']
SELECT "i"."Id", "i"."Name", "i"."Location", "i"."Email", "i"."ContactNo", "i"."CreatedAt", "i"."UpdatedAt"
FROM "IncredRmEmails" AS "i"
WHERE NOT ("i"."IsDeleted")
ORDER BY "i"."Name"
2026-08-10 11:08:18.975 +05:30 [INF] Executed DbCommand (4ms) [Parameters=[@CurrentUserId='?' (DbType = Int32)], CommandType='"Text"', CommandTimeout='30']
SELECT "t"."Id", "t"."Title", "t"."Description", "t"."Priority", "t"."IsCompleted", "t"."DueDate", "t"."LoanId", "u0"."FullName" AS "AssignedTo", "u2"."FullName" AS "CreatedBy", "t"."CreatedAt"
FROM "Tasks" AS "t"
INNER JOIN (
    SELECT "u"."Id", "u"."FullName"
    FROM "Users" AS "u"
    WHERE NOT ("u"."IsDeleted")
) AS "u0" ON "t"."AssignedToUserId" = "u0"."Id"
INNER JOIN (
    SELECT "u1"."Id", "u1"."FullName"
    FROM "Users" AS "u1"
    WHERE NOT ("u1"."IsDeleted")
) AS "u2" ON "t"."CreatedByUserId" = "u2"."Id"
WHERE NOT ("t"."IsDeleted") AND ("t"."AssignedToUserId" = @CurrentUserId OR "t"."CreatedByUserId" = @CurrentUserId)
ORDER BY "t"."CreatedAt" DESC
2026-08-10 11:08:18.979 +05:30 [INF] Executing OkObjectResult, writing value of type 'LoanMS.Application.DTOs.ApiResponseDto`1[[System.Object, System.Private.CoreLib, Version=10.0.0.0, Culture=neutral, PublicKeyToken=7cec85d7bea7798e]]'.
2026-08-10 11:08:18.979 +05:30 [INF] Executed DbCommand (1ms) [Parameters=[@p0='?' (DbType = Int32), @p='?' (DbType = Int32)], CommandType='"Text"', CommandTimeout='30']
SELECT "l0"."Id", "l0"."LoanNumber", CAST("l0"."LoanType" AS TEXT) AS "LoanType", CAST("l0"."Status" AS TEXT) AS "Status", "l0"."RequestedAmount", "l0"."ApprovedAmount", "l0"."InterestRate", "l0"."TenureMonths", "c0"."FullName" AS "CustomerName", "c0"."Phone" AS "CustomerPhone", "u0"."FullName" AS "CreatedByName", "u2"."FullName" AS "AssignedToName", "u4"."FullName" AS "LoginUserName", (
    SELECT "b"."RiskGrade"
    FROM "BureauReports" AS "b"
    WHERE "b"."CustomerId" = "l0"."CustomerId"
    ORDER BY "b"."ScoreGeneratedDate" DESC
    LIMIT 1) AS "RiskGrade", "l0"."CreatedAt"
FROM (
    SELECT "l"."Id", "l"."ApprovedAmount", "l"."AssignedToUserId", "l"."CreatedAt", "l"."CreatedByUserId", "l"."CustomerId", "l"."InterestRate", "l"."LoanNumber", "l"."LoanType", "l"."LoginUserId", "l"."RequestedAmount", "l"."Status", "l"."TenureMonths"
    FROM "Loans" AS "l"
    WHERE 0
    ORDER BY "l"."CreatedAt" DESC
    LIMIT @p0 OFFSET @p
) AS "l0"
INNER JOIN (
    SELECT "c"."Id", "c"."FullName", "c"."Phone"
    FROM "Customers" AS "c"
    WHERE NOT ("c"."IsDeleted")
) AS "c0" ON "l0"."CustomerId" = "c0"."Id"
INNER JOIN (
    SELECT "u"."Id", "u"."FullName"
    FROM "Users" AS "u"
    WHERE NOT ("u"."IsDeleted")
) AS "u0" ON "l0"."CreatedByUserId" = "u0"."Id"
LEFT JOIN (
    SELECT "u1"."Id", "u1"."FullName"
    FROM "Users" AS "u1"
    WHERE NOT ("u1"."IsDeleted")
) AS "u2" ON "l0"."AssignedToUserId" = "u2"."Id"
LEFT JOIN (
    SELECT "u3"."Id", "u3"."FullName"
    FROM "Users" AS "u3"
    WHERE NOT ("u3"."IsDeleted")
) AS "u4" ON "l0"."LoginUserId" = "u4"."Id"
ORDER BY "l0"."CreatedAt" DESC
2026-08-10 11:08:18.982 +05:30 [INF] Executing OkObjectResult, writing value of type 'LoanMS.Application.DTOs.ApiResponseDto`1[[System.Object, System.Private.CoreLib, Version=10.0.0.0, Culture=neutral, PublicKeyToken=7cec85d7bea7798e]]'.
2026-08-10 11:08:18.984 +05:30 [INF] Executing OkObjectResult, writing value of type 'LoanMS.Application.DTOs.ApiResponseDto`1[[System.Collections.Generic.IEnumerable`1[[LoanMS.Application.DTOs.UserDto, LoanMS.Application, Version=1.0.0.0, Culture=neutral, PublicKeyToken=null]], System.Private.CoreLib, Version=10.0.0.0, Culture=neutral, PublicKeyToken=7cec85d7bea7798e]]'.
2026-08-10 11:08:18.986 +05:30 [INF] Executing OkObjectResult, writing value of type 'LoanMS.Application.DTOs.ApiResponseDto`1[[System.Object, System.Private.CoreLib, Version=10.0.0.0, Culture=neutral, PublicKeyToken=7cec85d7bea7798e]]'.
2026-08-10 11:08:18.989 +05:30 [INF] Executing OkObjectResult, writing value of type 'LoanMS.Application.DTOs.ApiResponseDto`1[[System.Object, System.Private.CoreLib, Version=10.0.0.0, Culture=neutral, PublicKeyToken=7cec85d7bea7798e]]'.
2026-08-10 11:08:18.990 +05:30 [INF] Executed action LoanMS.API.Controllers.TeamsController.GetAll (LoanMS.API) in 34.6459ms
2026-08-10 11:08:18.993 +05:30 [INF] Executing OkObjectResult, writing value of type 'LoanMS.Application.DTOs.ApiResponseDto`1[[LoanMS.Application.DTOs.PagedResultDto`1[[LoanMS.Application.DTOs.LoanListDto, LoanMS.Application, Version=1.0.0.0, Culture=neutral, PublicKeyToken=null]], LoanMS.Application, Version=1.0.0.0, Culture=neutral, PublicKeyToken=null]]'.
2026-08-10 11:08:18.994 +05:30 [INF] Executed action LoanMS.API.Controllers.TicketsController.GetAll (LoanMS.API) in 34.2604ms
2026-08-10 11:08:18.995 +05:30 [INF] Executed action LoanMS.API.Controllers.UsersController.GetAll (LoanMS.API) in 43.3285ms
2026-08-10 11:08:18.997 +05:30 [INF] Executed action LoanMS.API.Controllers.IncredController.GetRmEmails (LoanMS.API) in 33.3504ms
2026-08-10 11:08:18.998 +05:30 [INF] Executed action LoanMS.API.Controllers.TasksController.GetAll (LoanMS.API) in 30.3024ms
2026-08-10 11:08:19.000 +05:30 [INF] Executed endpoint 'LoanMS.API.Controllers.TeamsController.GetAll (LoanMS.API)'
2026-08-10 11:08:19.002 +05:30 [INF] Executed action LoanMS.API.Controllers.LoansController.GetBulk (LoanMS.API) in 51.9647ms
2026-08-10 11:08:19.004 +05:30 [INF] Executed endpoint 'LoanMS.API.Controllers.TicketsController.GetAll (LoanMS.API)'
2026-08-10 11:08:19.006 +05:30 [INF] Executed endpoint 'LoanMS.API.Controllers.UsersController.GetAll (LoanMS.API)'
2026-08-10 11:08:19.007 +05:30 [INF] Executed endpoint 'LoanMS.API.Controllers.IncredController.GetRmEmails (LoanMS.API)'
2026-08-10 11:08:19.008 +05:30 [INF] Executed endpoint 'LoanMS.API.Controllers.TasksController.GetAll (LoanMS.API)'
2026-08-10 11:08:19.009 +05:30 [INF] HTTP GET /api/teams → 200 in 76.4ms
2026-08-10 11:08:19.010 +05:30 [INF] Executed endpoint 'LoanMS.API.Controllers.LoansController.GetBulk (LoanMS.API)'
2026-08-10 11:08:19.011 +05:30 [INF] HTTP GET /api/tickets → 200 in 76.3ms
2026-08-10 11:08:19.013 +05:30 [INF] HTTP GET /api/users → 200 in 82.6ms
2026-08-10 11:08:19.014 +05:30 [INF] HTTP GET /api/incred/rm → 200 in 74.0ms
2026-08-10 11:08:19.015 +05:30 [INF] HTTP GET /api/tasks → 200 in 73.6ms
2026-08-10 11:08:19.017 +05:30 [INF] Request finished HTTP/1.1 GET http://localhost:7070/api/teams - 200 53 application/json; charset=utf-8 90.2914ms
2026-08-10 11:08:19.018 +05:30 [INF] HTTP GET /api/loans/bulk → 200 in 88.5ms
2026-08-10 11:08:19.021 +05:30 [INF] Request finished HTTP/1.1 GET http://localhost:7070/api/tickets - 200 53 application/json; charset=utf-8 94.3404ms
2026-08-10 11:08:19.033 +05:30 [INF] Request finished HTTP/1.1 GET http://localhost:7070/api/users - 200 720 application/json; charset=utf-8 106.9982ms
2026-08-10 11:08:19.065 +05:30 [INF] Request finished HTTP/1.1 GET http://localhost:7070/api/incred/rm - 200 53 application/json; charset=utf-8 138.6791ms
2026-08-10 11:08:19.073 +05:30 [INF] Request finished HTTP/1.1 GET http://localhost:7070/api/tasks - 200 53 application/json; charset=utf-8 146.7165ms
2026-08-10 11:08:19.078 +05:30 [INF] Request starting HTTP/1.1 GET http://localhost:7070/api/banks - application/json null
2026-08-10 11:08:19.086 +05:30 [INF] Request finished HTTP/1.1 GET http://localhost:7070/api/loans/bulk?pageSize=500 - 200 148 application/json; charset=utf-8 160.9363ms
2026-08-10 11:08:19.092 +05:30 [INF] Request starting HTTP/1.1 GET http://localhost:7070/api/notifications - application/json null
2026-08-10 11:08:19.096 +05:30 [INF] Request starting HTTP/1.1 GET http://localhost:7070/api/report-targets - application/json null
2026-08-10 11:08:19.101 +05:30 [INF] Request starting HTTP/1.1 GET http://localhost:7070/api/assignment-audit - application/json null
2026-08-10 11:08:19.106 +05:30 [INF] Request starting HTTP/1.1 GET http://localhost:7070/api/rejectionreasons - application/json null
2026-08-10 11:08:19.110 +05:30 [INF] Executing endpoint 'LoanMS.API.Controllers.BanksController.GetAll (LoanMS.API)'
2026-08-10 11:08:19.114 +05:30 [INF] Request starting HTTP/1.1 GET http://localhost:7070/api/emailtemplates - application/json null
2026-08-10 11:08:19.118 +05:30 [INF] Executing endpoint 'LoanMS.API.Controllers.NotificationsController.GetNotifications (LoanMS.API)'
2026-08-10 11:08:19.122 +05:30 [INF] Executing endpoint 'LoanMS.API.Controllers.ReportTargetsController.GetAll (LoanMS.API)'
2026-08-10 11:08:19.125 +05:30 [INF] Executing endpoint 'LoanMS.API.Controllers.AssignmentAuditController.GetAll (LoanMS.API)'
2026-08-10 11:08:19.129 +05:30 [INF] Executing endpoint 'LoanMS.API.Controllers.RejectionReasonsController.GetAll (LoanMS.API)'
2026-08-10 11:08:19.130 +05:30 [INF] Route matched with {action = "GetAll", controller = "Banks"}. Executing controller action with signature System.Threading.Tasks.Task`1[Microsoft.AspNetCore.Mvc.IActionResult] GetAll() on controller LoanMS.API.Controllers.BanksController (LoanMS.API).
2026-08-10 11:08:19.135 +05:30 [INF] Executing endpoint 'LoanMS.API.Controllers.EmailTemplatesController.GetAll (LoanMS.API)'
2026-08-10 11:08:19.139 +05:30 [INF] Route matched with {action = "GetAll", controller = "ReportTargets"}. Executing controller action with signature System.Threading.Tasks.Task`1[Microsoft.AspNetCore.Mvc.IActionResult] GetAll() on controller LoanMS.API.Controllers.ReportTargetsController (LoanMS.API).
2026-08-10 11:08:19.141 +05:30 [INF] Route matched with {action = "GetAll", controller = "AssignmentAudit"}. Executing controller action with signature System.Threading.Tasks.Task`1[Microsoft.AspNetCore.Mvc.IActionResult] GetAll(System.String, Int32) on controller LoanMS.API.Controllers.AssignmentAuditController (LoanMS.API).
2026-08-10 11:08:19.143 +05:30 [INF] Route matched with {action = "GetAll", controller = "RejectionReasons"}. Executing controller action with signature System.Threading.Tasks.Task`1[Microsoft.AspNetCore.Mvc.IActionResult] GetAll() on controller LoanMS.API.Controllers.RejectionReasonsController (LoanMS.API).
2026-08-10 11:08:19.150 +05:30 [INF] Route matched with {action = "GetAll", controller = "EmailTemplates"}. Executing controller action with signature System.Threading.Tasks.Task`1[Microsoft.AspNetCore.Mvc.IActionResult] GetAll() on controller LoanMS.API.Controllers.EmailTemplatesController (LoanMS.API).
2026-08-10 11:08:19.151 +05:30 [INF] Route matched with {action = "GetNotifications", controller = "Notifications"}. Executing controller action with signature System.Threading.Tasks.Task`1[Microsoft.AspNetCore.Mvc.IActionResult] GetNotifications(Boolean) on controller LoanMS.API.Controllers.NotificationsController (LoanMS.API).
2026-08-10 11:08:19.151 +05:30 [INF] Executed DbCommand (0ms) [Parameters=[], CommandType='"Text"', CommandTimeout='30']
SELECT "b"."Id", "b"."BankName", "b"."IfscPrefix", "b"."EmpCode", "b"."Location", "b"."RmName", "b"."RmMobile", "b"."Email", "b"."Remarks", "b"."IsActive", "b"."CreatedAt", "b"."UpdatedAt", "b"."IsIncred", "b"."IsElite", "b"."MinCibil", "b"."AcceptNtc", "b"."MaxLoanAmt", "b"."MinTenure", "b"."MaxTenure", "b"."FoirLimit", "b"."PfRequired", "b"."MinAge", "b"."MaxAge", "b"."MinExpMonths", "b"."EmpTypesJson", "b"."CompTypesJson", "b1"."Id", "b1"."CompanyId", "b1"."CategoryId", "b1"."PinCode", "b1"."Pf"
FROM "Banks" AS "b"
LEFT JOIN (
    SELECT "b0"."Id", "b0"."CompanyId", "b0"."CategoryId", "b0"."PinCode", "b0"."Pf", "b0"."BankId"
    FROM "BankEligibilityLines" AS "b0"
    WHERE NOT ("b0"."IsDeleted")
) AS "b1" ON "b"."Id" = "b1"."BankId"
WHERE NOT ("b"."IsDeleted")
ORDER BY "b"."BankName", "b"."Id"
2026-08-10 11:08:19.155 +05:30 [INF] Executed DbCommand (0ms) [Parameters=[], CommandType='"Text"', CommandTimeout='30']
SELECT "r"."Id", "r"."TargetMonth", "r"."UserId", "r"."TeamId", "r"."DisbAmt", "r"."LoginCount", "r"."DisbCount", "r"."CreatedAt", "r"."UpdatedAt"
FROM "ReportTargets" AS "r"
WHERE NOT ("r"."IsDeleted")
ORDER BY "r"."TargetMonth"
2026-08-10 11:08:19.159 +05:30 [INF] Executed DbCommand (0ms) [Parameters=[@p='?' (DbType = Int32)], CommandType='"Text"', CommandTimeout='30']
SELECT "a"."Id", "a"."LoanApplicationId", "a"."LoanFrontendId", "a"."Location", "a"."LoanType", "a"."SalesPerson", "a"."SalesTeam", "a"."AssignedToUserId", "a"."AssignedToUserName", "a"."AssignedByUserId", "a"."AssignedByName", "a"."Method", "a"."TieBreak", "a"."PreviousUserName", "a"."Reason", "a"."CandidatesJson", "a"."AssignedAt", "a"."CreatedAt"
FROM "AssignmentAuditLogs" AS "a"
ORDER BY "a"."AssignedAt" DESC
LIMIT @p
2026-08-10 11:08:19.161 +05:30 [INF] Executed DbCommand (0ms) [Parameters=[], CommandType='"Text"', CommandTimeout='30']
SELECT "r"."Id", "r"."Key", "r"."Label", "r"."SortOrder", "r"."CreatedAt", "r"."UpdatedAt"
FROM "RejectionReasons" AS "r"
WHERE NOT ("r"."IsDeleted")
ORDER BY "r"."SortOrder", "r"."Label"
2026-08-10 11:08:19.164 +05:30 [INF] Executed DbCommand (0ms) [Parameters=[], CommandType='"Text"', CommandTimeout='30']
SELECT "e"."TemplateKey", "e"."Subject", "e"."Body", "e"."UpdatedAt"
FROM "EmailTemplates" AS "e"
WHERE NOT ("e"."IsDeleted")
2026-08-10 11:08:19.173 +05:30 [INF] Executing OkObjectResult, writing value of type 'LoanMS.Application.DTOs.ApiResponseDto`1[[System.Object, System.Private.CoreLib, Version=10.0.0.0, Culture=neutral, PublicKeyToken=7cec85d7bea7798e]]'.
2026-08-10 11:08:19.179 +05:30 [INF] Executing OkObjectResult, writing value of type 'LoanMS.Application.DTOs.ApiResponseDto`1[[System.Object, System.Private.CoreLib, Version=10.0.0.0, Culture=neutral, PublicKeyToken=7cec85d7bea7798e]]'.
2026-08-10 11:08:19.186 +05:30 [INF] Executing OkObjectResult, writing value of type 'LoanMS.Application.DTOs.ApiResponseDto`1[[System.Object, System.Private.CoreLib, Version=10.0.0.0, Culture=neutral, PublicKeyToken=7cec85d7bea7798e]]'.
2026-08-10 11:08:19.192 +05:30 [INF] Executing OkObjectResult, writing value of type 'LoanMS.Application.DTOs.ApiResponseDto`1[[System.Object, System.Private.CoreLib, Version=10.0.0.0, Culture=neutral, PublicKeyToken=7cec85d7bea7798e]]'.
2026-08-10 11:08:19.197 +05:30 [INF] Executing OkObjectResult, writing value of type 'LoanMS.Application.DTOs.ApiResponseDto`1[[System.Object, System.Private.CoreLib, Version=10.0.0.0, Culture=neutral, PublicKeyToken=7cec85d7bea7798e]]'.
2026-08-10 11:08:19.201 +05:30 [INF] Executed action LoanMS.API.Controllers.BanksController.GetAll (LoanMS.API) in 54.0393ms
2026-08-10 11:08:19.203 +05:30 [INF] Executed action LoanMS.API.Controllers.ReportTargetsController.GetAll (LoanMS.API) in 50.724ms
2026-08-10 11:08:19.208 +05:30 [INF] Executed action LoanMS.API.Controllers.AssignmentAuditController.GetAll (LoanMS.API) in 50.8547ms
2026-08-10 11:08:19.212 +05:30 [INF] Executed action LoanMS.API.Controllers.RejectionReasonsController.GetAll (LoanMS.API) in 51.9815ms
2026-08-10 11:08:19.214 +05:30 [INF] Executed DbCommand (3ms) [Parameters=[@role='?', @userId='?' (DbType = Int32), @p='?' (DbType = Int32)], CommandType='"Text"', CommandTimeout='30']
SELECT "a"."Id", "a"."Type", "a"."Icon", "a"."Message", "a"."ClaimId", "a"."Partner", "a"."Amount", "a"."TargetUserId", "a"."IsRead", "a"."CreatedAt"
FROM "AppNotifications" AS "a"
WHERE NOT ("a"."IsDeleted") AND (("a"."TargetRole" IS NULL AND "a"."TargetUserId" IS NULL) OR "a"."TargetRole" = @role OR "a"."TargetUserId" = @userId)
ORDER BY "a"."CreatedAt" DESC
LIMIT @p
2026-08-10 11:08:19.216 +05:30 [INF] Executed action LoanMS.API.Controllers.EmailTemplatesController.GetAll (LoanMS.API) in 53.5739ms
2026-08-10 11:08:19.218 +05:30 [INF] Executed endpoint 'LoanMS.API.Controllers.BanksController.GetAll (LoanMS.API)'
2026-08-10 11:08:19.223 +05:30 [INF] Executed endpoint 'LoanMS.API.Controllers.ReportTargetsController.GetAll (LoanMS.API)'
2026-08-10 11:08:19.228 +05:30 [INF] Executed endpoint 'LoanMS.API.Controllers.AssignmentAuditController.GetAll (LoanMS.API)'
2026-08-10 11:08:19.231 +05:30 [INF] Executed endpoint 'LoanMS.API.Controllers.RejectionReasonsController.GetAll (LoanMS.API)'
2026-08-10 11:08:19.237 +05:30 [INF] Executing OkObjectResult, writing value of type 'LoanMS.Application.DTOs.ApiResponseDto`1[[System.Object, System.Private.CoreLib, Version=10.0.0.0, Culture=neutral, PublicKeyToken=7cec85d7bea7798e]]'.
2026-08-10 11:08:19.240 +05:30 [INF] Executed endpoint 'LoanMS.API.Controllers.EmailTemplatesController.GetAll (LoanMS.API)'
2026-08-10 11:08:19.244 +05:30 [INF] HTTP GET /api/banks → 200 in 134.6ms
2026-08-10 11:08:19.247 +05:30 [INF] HTTP GET /api/report-targets → 200 in 125.1ms
2026-08-10 11:08:19.250 +05:30 [INF] HTTP GET /api/assignment-audit → 200 in 125.4ms
2026-08-10 11:08:19.252 +05:30 [INF] HTTP GET /api/rejectionreasons → 200 in 123.2ms
2026-08-10 11:08:19.256 +05:30 [INF] HTTP GET /api/emailtemplates → 200 in 121.0ms
2026-08-10 11:08:19.259 +05:30 [INF] Executed action LoanMS.API.Controllers.NotificationsController.GetNotifications (LoanMS.API) in 92.5161ms
2026-08-10 11:08:19.261 +05:30 [INF] Request finished HTTP/1.1 GET http://localhost:7070/api/banks - 200 53 application/json; charset=utf-8 182.555ms
2026-08-10 11:08:19.266 +05:30 [INF] Request finished HTTP/1.1 GET http://localhost:7070/api/report-targets - 200 53 application/json; charset=utf-8 169.8134ms
2026-08-10 11:08:19.270 +05:30 [INF] Request finished HTTP/1.1 GET http://localhost:7070/api/assignment-audit - 200 53 application/json; charset=utf-8 168.4295ms
2026-08-10 11:08:19.272 +05:30 [INF] Request finished HTTP/1.1 GET http://localhost:7070/api/rejectionreasons - 200 53 application/json; charset=utf-8 166.1288ms
2026-08-10 11:08:19.275 +05:30 [INF] Request finished HTTP/1.1 GET http://localhost:7070/api/emailtemplates - 200 53 application/json; charset=utf-8 160.9126ms
2026-08-10 11:08:19.277 +05:30 [INF] Executed endpoint 'LoanMS.API.Controllers.NotificationsController.GetNotifications (LoanMS.API)'
2026-08-10 11:08:19.281 +05:30 [INF] Request starting HTTP/1.1 GET http://localhost:7070/api/productoffermatrix - application/json null
2026-08-10 11:08:19.286 +05:30 [INF] Request starting HTTP/1.1 GET http://localhost:7070/api/expertexport/access - application/json null
2026-08-10 11:08:19.290 +05:30 [INF] Request starting HTTP/1.1 GET http://localhost:7070/api/reports/disbursement - application/json null
2026-08-10 11:08:19.294 +05:30 [INF] Request starting HTTP/1.1 GET http://localhost:7070/api/reports/performance - application/json null
2026-08-10 11:08:19.298 +05:30 [INF] Request starting HTTP/1.1 GET http://localhost:7070/api/reports/pipeline - application/json null
2026-08-10 11:08:19.299 +05:30 [INF] HTTP GET /api/notifications → 200 in 181.3ms
2026-08-10 11:08:19.303 +05:30 [INF] Executing endpoint 'LoanMS.API.Controllers.ProductOfferMatrixController.GetAll (LoanMS.API)'
2026-08-10 11:08:19.306 +05:30 [INF] Executing endpoint 'LoanMS.API.Controllers.ExpertExportController.GetAccess (LoanMS.API)'
2026-08-10 11:08:19.309 +05:30 [INF] Executing endpoint 'LoanMS.API.Controllers.ReportsController.Disbursement (LoanMS.API)'
2026-08-10 11:08:19.312 +05:30 [INF] Executing endpoint 'LoanMS.API.Controllers.ReportsController.Performance (LoanMS.API)'
2026-08-10 11:08:19.315 +05:30 [INF] Executing endpoint 'LoanMS.API.Controllers.ReportsController.Pipeline (LoanMS.API)'
2026-08-10 11:08:19.317 +05:30 [INF] Request finished HTTP/1.1 GET http://localhost:7070/api/notifications - 200 53 application/json; charset=utf-8 225.2078ms
2026-08-10 11:08:19.319 +05:30 [INF] Route matched with {action = "GetAll", controller = "ProductOfferMatrix"}. Executing controller action with signature System.Threading.Tasks.Task`1[Microsoft.AspNetCore.Mvc.IActionResult] GetAll() on controller LoanMS.API.Controllers.ProductOfferMatrixController (LoanMS.API).
2026-08-10 11:08:19.320 +05:30 [INF] Route matched with {action = "GetAccess", controller = "ExpertExport"}. Executing controller action with signature System.Threading.Tasks.Task`1[Microsoft.AspNetCore.Mvc.IActionResult] GetAccess() on controller LoanMS.API.Controllers.ExpertExportController (LoanMS.API).
2026-08-10 11:08:19.322 +05:30 [INF] Route matched with {action = "Disbursement", controller = "Reports"}. Executing controller action with signature System.Threading.Tasks.Task`1[Microsoft.AspNetCore.Mvc.IActionResult] Disbursement(System.Nullable`1[System.DateTime], System.Nullable`1[System.DateTime]) on controller LoanMS.API.Controllers.ReportsController (LoanMS.API).
2026-08-10 11:08:19.323 +05:30 [INF] Route matched with {action = "Performance", controller = "Reports"}. Executing controller action with signature System.Threading.Tasks.Task`1[Microsoft.AspNetCore.Mvc.IActionResult] Performance(System.Nullable`1[System.DateTime], System.Nullable`1[System.DateTime]) on controller LoanMS.API.Controllers.ReportsController (LoanMS.API).
2026-08-10 11:08:19.324 +05:30 [INF] Route matched with {action = "Pipeline", controller = "Reports"}. Executing controller action with signature System.Threading.Tasks.Task`1[Microsoft.AspNetCore.Mvc.IActionResult] Pipeline(System.Nullable`1[System.DateTime], System.Nullable`1[System.DateTime]) on controller LoanMS.API.Controllers.ReportsController (LoanMS.API).
2026-08-10 11:08:19.333 +05:30 [INF] Executed DbCommand (0ms) [Parameters=[], CommandType='"Text"', CommandTimeout='30']
SELECT "p"."ProductKey", "p"."MatrixJson", "p"."UpdatedAt"
FROM "ProductOfferMatrices" AS "p"
WHERE NOT ("p"."IsDeleted")
2026-08-10 11:08:19.336 +05:30 [INF] Executed DbCommand (0ms) [Parameters=[], CommandType='"Text"', CommandTimeout='30']
SELECT "a"."Value"
FROM "AppSettings" AS "a"
WHERE NOT ("a"."IsDeleted") AND "a"."Key" = 'expert_export_roles' AND NOT ("a"."IsDeleted")
LIMIT 1
2026-08-10 11:08:19.340 +05:30 [INF] Executed DbCommand (0ms) [Parameters=[], CommandType='"Text"', CommandTimeout='30']
SELECT "l"."LoanNumber", "c0"."FullName" AS "CustomerName", "l"."LoanType", "l"."ApprovedAmount", "l"."InterestRate", "l"."TenureMonths", "u0"."FullName" AS "SalesPerson", "l"."DisbursedAt"
FROM "Loans" AS "l"
INNER JOIN (
    SELECT "c"."Id", "c"."FullName"
    FROM "Customers" AS "c"
    WHERE NOT ("c"."IsDeleted")
) AS "c0" ON "l"."CustomerId" = "c0"."Id"
INNER JOIN (
    SELECT "u"."Id", "u"."FullName"
    FROM "Users" AS "u"
    WHERE NOT ("u"."IsDeleted")
) AS "u0" ON "l"."CreatedByUserId" = "u0"."Id"
WHERE NOT ("l"."IsDeleted") AND "l"."Status" = 'Disbursed'
2026-08-10 11:08:19.342 +05:30 [INF] Executed DbCommand (0ms) [Parameters=[], CommandType='"Text"', CommandTimeout='30']
SELECT "u0"."FullName" AS "SalesPerson", COUNT(*) AS "TotalApps", COUNT(CASE
    WHEN "l"."Status" = 'Disbursed' THEN 1
END) AS "Disbursed", COUNT(CASE
    WHEN "l"."Status" = 'Rejected' THEN 1
END) AS "Rejected", COALESCE(ef_sum("l"."RequestedAmount"), '0.0') AS "TotalAmount", COALESCE(ef_sum(CASE
    WHEN "l"."ApprovedAmount" IS NOT NULL THEN "l"."ApprovedAmount"
END), '0.0') AS "DisbursedAmount"
FROM "Loans" AS "l"
INNER JOIN (
    SELECT "u"."Id", "u"."FullName"
    FROM "Users" AS "u"
    WHERE NOT ("u"."IsDeleted")
) AS "u0" ON "l"."CreatedByUserId" = "u0"."Id"
WHERE NOT ("l"."IsDeleted")
GROUP BY "u0"."FullName"
2026-08-10 11:08:19.345 +05:30 [INF] Executed DbCommand (0ms) [Parameters=[], CommandType='"Text"', CommandTimeout='30']
SELECT CAST("l"."Status" AS TEXT) AS "Status", COUNT(*) AS "Count", COALESCE(ef_sum("l"."RequestedAmount"), '0.0') AS "Total"
FROM "Loans" AS "l"
WHERE NOT ("l"."IsDeleted")
GROUP BY "l"."Status"
2026-08-10 11:08:19.347 +05:30 [INF] Executing OkObjectResult, writing value of type 'LoanMS.Application.DTOs.ApiResponseDto`1[[System.Object, System.Private.CoreLib, Version=10.0.0.0, Culture=neutral, PublicKeyToken=7cec85d7bea7798e]]'.
2026-08-10 11:08:19.353 +05:30 [INF] Executed DbCommand (0ms) [Parameters=[], CommandType='"Text"', CommandTimeout='30']
SELECT "a"."Value"
FROM "AppSettings" AS "a"
WHERE NOT ("a"."IsDeleted") AND "a"."Key" = 'expert_export_users' AND NOT ("a"."IsDeleted")
LIMIT 1
2026-08-10 11:08:19.358 +05:30 [INF] Executing OkObjectResult, writing value of type 'LoanMS.Application.DTOs.ApiResponseDto`1[[System.Object, System.Private.CoreLib, Version=10.0.0.0, Culture=neutral, PublicKeyToken=7cec85d7bea7798e]]'.
2026-08-10 11:08:19.362 +05:30 [INF] Executing OkObjectResult, writing value of type 'LoanMS.Application.DTOs.ApiResponseDto`1[[System.Object, System.Private.CoreLib, Version=10.0.0.0, Culture=neutral, PublicKeyToken=7cec85d7bea7798e]]'.
2026-08-10 11:08:19.365 +05:30 [INF] Executing OkObjectResult, writing value of type 'LoanMS.Application.DTOs.ApiResponseDto`1[[System.Object, System.Private.CoreLib, Version=10.0.0.0, Culture=neutral, PublicKeyToken=7cec85d7bea7798e]]'.
2026-08-10 11:08:19.367 +05:30 [INF] Executed action LoanMS.API.Controllers.ProductOfferMatrixController.GetAll (LoanMS.API) in 35.0502ms
2026-08-10 11:08:19.370 +05:30 [INF] Executing OkObjectResult, writing value of type '<>f__AnonymousType41`1[[System.Boolean, System.Private.CoreLib, Version=10.0.0.0, Culture=neutral, PublicKeyToken=7cec85d7bea7798e]]'.
2026-08-10 11:08:19.373 +05:30 [INF] Executed action LoanMS.API.Controllers.ReportsController.Disbursement (LoanMS.API) in 34.5591ms
2026-08-10 11:08:19.375 +05:30 [INF] Executed action LoanMS.API.Controllers.ReportsController.Performance (LoanMS.API) in 33.9684ms
2026-08-10 11:08:19.377 +05:30 [INF] Executed action LoanMS.API.Controllers.ReportsController.Pipeline (LoanMS.API) in 33.125ms
2026-08-10 11:08:19.378 +05:30 [INF] Executed endpoint 'LoanMS.API.Controllers.ProductOfferMatrixController.GetAll (LoanMS.API)'
2026-08-10 11:08:19.381 +05:30 [INF] Executed action LoanMS.API.Controllers.ExpertExportController.GetAccess (LoanMS.API) in 46.0271ms
2026-08-10 11:08:19.382 +05:30 [INF] Executed endpoint 'LoanMS.API.Controllers.ReportsController.Disbursement (LoanMS.API)'
2026-08-10 11:08:19.385 +05:30 [INF] Executed endpoint 'LoanMS.API.Controllers.ReportsController.Performance (LoanMS.API)'
2026-08-10 11:08:19.387 +05:30 [INF] Executed endpoint 'LoanMS.API.Controllers.ReportsController.Pipeline (LoanMS.API)'
2026-08-10 11:08:19.389 +05:30 [INF] HTTP GET /api/productoffermatrix → 200 in 86.4ms
2026-08-10 11:08:19.390 +05:30 [INF] Executed endpoint 'LoanMS.API.Controllers.ExpertExportController.GetAccess (LoanMS.API)'
2026-08-10 11:08:19.392 +05:30 [INF] HTTP GET /api/reports/disbursement → 200 in 83.3ms
2026-08-10 11:08:19.394 +05:30 [INF] HTTP GET /api/reports/performance → 200 in 82.4ms
2026-08-10 11:08:19.397 +05:30 [INF] HTTP GET /api/reports/pipeline → 200 in 82.1ms
2026-08-10 11:08:19.400 +05:30 [INF] Request finished HTTP/1.1 GET http://localhost:7070/api/productoffermatrix - 200 53 application/json; charset=utf-8 118.518ms
2026-08-10 11:08:19.402 +05:30 [INF] HTTP GET /api/expertexport/access → 200 in 95.9ms
2026-08-10 11:08:19.405 +05:30 [INF] Request finished HTTP/1.1 GET http://localhost:7070/api/reports/disbursement - 200 53 application/json; charset=utf-8 115.1695ms
2026-08-10 11:08:19.408 +05:30 [INF] Request finished HTTP/1.1 GET http://localhost:7070/api/reports/performance - 200 53 application/json; charset=utf-8 113.882ms
2026-08-10 11:08:19.411 +05:30 [INF] Request finished HTTP/1.1 GET http://localhost:7070/api/reports/pipeline - 200 53 application/json; charset=utf-8 112.9564ms
2026-08-10 11:08:19.418 +05:30 [INF] Request finished HTTP/1.1 GET http://localhost:7070/api/expertexport/access - 200 17 application/json; charset=utf-8 132.291ms
2026-08-10 11:09:18.564 +05:30 [INF] Request starting HTTP/1.1 GET http://localhost:7070/api/loans/bulk?pageSize=500 - application/json null
2026-08-10 11:09:18.570 +05:30 [INF] Executing endpoint 'LoanMS.API.Controllers.LoansController.GetBulk (LoanMS.API)'
2026-08-10 11:09:18.571 +05:30 [INF] Request starting HTTP/1.1 GET http://localhost:7070/api/users - application/json null
2026-08-10 11:09:18.571 +05:30 [INF] Request starting HTTP/1.1 GET http://localhost:7070/api/teams - application/json null
2026-08-10 11:09:18.572 +05:30 [INF] Request starting HTTP/1.1 GET http://localhost:7070/api/tasks - application/json null
2026-08-10 11:09:18.572 +05:30 [INF] Request starting HTTP/1.1 GET http://localhost:7070/api/tickets - application/json null
2026-08-10 11:09:18.573 +05:30 [INF] Request starting HTTP/1.1 GET http://localhost:7070/api/incred/rm - application/json null
2026-08-10 11:09:18.573 +05:30 [INF] Route matched with {action = "GetBulk", controller = "Loans"}. Executing controller action with signature System.Threading.Tasks.Task`1[Microsoft.AspNetCore.Mvc.IActionResult] GetBulk(Int32) on controller LoanMS.API.Controllers.LoansController (LoanMS.API).
2026-08-10 11:09:18.577 +05:30 [INF] Executing endpoint 'LoanMS.API.Controllers.UsersController.GetAll (LoanMS.API)'
2026-08-10 11:09:18.582 +05:30 [INF] Executing endpoint 'LoanMS.API.Controllers.TeamsController.GetAll (LoanMS.API)'
2026-08-10 11:09:18.584 +05:30 [INF] Executing endpoint 'LoanMS.API.Controllers.TasksController.GetAll (LoanMS.API)'
2026-08-10 11:09:18.588 +05:30 [INF] Executing endpoint 'LoanMS.API.Controllers.TicketsController.GetAll (LoanMS.API)'
2026-08-10 11:09:18.592 +05:30 [INF] Executing endpoint 'LoanMS.API.Controllers.IncredController.GetRmEmails (LoanMS.API)'
2026-08-10 11:09:18.596 +05:30 [INF] Route matched with {action = "GetAll", controller = "Users"}. Executing controller action with signature System.Threading.Tasks.Task`1[Microsoft.AspNetCore.Mvc.IActionResult] GetAll() on controller LoanMS.API.Controllers.UsersController (LoanMS.API).
2026-08-10 11:09:18.597 +05:30 [INF] Executed DbCommand (0ms) [Parameters=[], CommandType='"Text"', CommandTimeout='30']
SELECT COUNT(*)
FROM "Loans" AS "l"
WHERE 0
2026-08-10 11:09:18.598 +05:30 [INF] Route matched with {action = "GetAll", controller = "Teams"}. Executing controller action with signature System.Threading.Tasks.Task`1[Microsoft.AspNetCore.Mvc.IActionResult] GetAll(System.String) on controller LoanMS.API.Controllers.TeamsController (LoanMS.API).
2026-08-10 11:09:18.600 +05:30 [INF] Route matched with {action = "GetAll", controller = "Tasks"}. Executing controller action with signature System.Threading.Tasks.Task`1[Microsoft.AspNetCore.Mvc.IActionResult] GetAll(System.Nullable`1[System.Int32], System.Nullable`1[System.Boolean]) on controller LoanMS.API.Controllers.TasksController (LoanMS.API).
2026-08-10 11:09:18.601 +05:30 [INF] Route matched with {action = "GetAll", controller = "Tickets"}. Executing controller action with signature System.Threading.Tasks.Task`1[Microsoft.AspNetCore.Mvc.IActionResult] GetAll(System.String) on controller LoanMS.API.Controllers.TicketsController (LoanMS.API).
2026-08-10 11:09:18.602 +05:30 [INF] Route matched with {action = "GetRmEmails", controller = "Incred"}. Executing controller action with signature System.Threading.Tasks.Task`1[Microsoft.AspNetCore.Mvc.IActionResult] GetRmEmails() on controller LoanMS.API.Controllers.IncredController (LoanMS.API).
2026-08-10 11:09:18.604 +05:30 [INF] Executed DbCommand (0ms) [Parameters=[], CommandType='"Text"', CommandTimeout='30']
SELECT "u"."Id", "u"."CreatedAt", "u"."Email", "u"."FailedLoginAttempts", "u"."FullName", "u"."IsActive", "u"."IsDeleted", "u"."LocationId", "u"."LocationName", "u"."LockedUntil", "u"."MustChangePassword", "u"."OpTeam", "u"."PasswordHash", "u"."PhoneNumber", "u"."PhotoData", "u"."RefreshToken", "u"."RefreshTokenExpiry", "u"."Role", "u"."SalesTeam", "u"."UpdatedAt"
FROM "Users" AS "u"
WHERE NOT ("u"."IsDeleted") AND "u"."IsActive"
ORDER BY "u"."FullName"
2026-08-10 11:09:18.606 +05:30 [INF] Executed DbCommand (0ms) [Parameters=[@p0='?' (DbType = Int32), @p='?' (DbType = Int32)], CommandType='"Text"', CommandTimeout='30']
SELECT "l0"."Id", "l0"."LoanNumber", CAST("l0"."LoanType" AS TEXT) AS "LoanType", CAST("l0"."Status" AS TEXT) AS "Status", "l0"."RequestedAmount", "l0"."ApprovedAmount", "l0"."InterestRate", "l0"."TenureMonths", "c0"."FullName" AS "CustomerName", "c0"."Phone" AS "CustomerPhone", "u0"."FullName" AS "CreatedByName", "u2"."FullName" AS "AssignedToName", "u4"."FullName" AS "LoginUserName", (
    SELECT "b"."RiskGrade"
    FROM "BureauReports" AS "b"
    WHERE "b"."CustomerId" = "l0"."CustomerId"
    ORDER BY "b"."ScoreGeneratedDate" DESC
    LIMIT 1) AS "RiskGrade", "l0"."CreatedAt"
FROM (
    SELECT "l"."Id", "l"."ApprovedAmount", "l"."AssignedToUserId", "l"."CreatedAt", "l"."CreatedByUserId", "l"."CustomerId", "l"."InterestRate", "l"."LoanNumber", "l"."LoanType", "l"."LoginUserId", "l"."RequestedAmount", "l"."Status", "l"."TenureMonths"
    FROM "Loans" AS "l"
    WHERE 0
    ORDER BY "l"."CreatedAt" DESC
    LIMIT @p0 OFFSET @p
) AS "l0"
INNER JOIN (
    SELECT "c"."Id", "c"."FullName", "c"."Phone"
    FROM "Customers" AS "c"
    WHERE NOT ("c"."IsDeleted")
) AS "c0" ON "l0"."CustomerId" = "c0"."Id"
INNER JOIN (
    SELECT "u"."Id", "u"."FullName"
    FROM "Users" AS "u"
    WHERE NOT ("u"."IsDeleted")
) AS "u0" ON "l0"."CreatedByUserId" = "u0"."Id"
LEFT JOIN (
    SELECT "u1"."Id", "u1"."FullName"
    FROM "Users" AS "u1"
    WHERE NOT ("u1"."IsDeleted")
) AS "u2" ON "l0"."AssignedToUserId" = "u2"."Id"
LEFT JOIN (
    SELECT "u3"."Id", "u3"."FullName"
    FROM "Users" AS "u3"
    WHERE NOT ("u3"."IsDeleted")
) AS "u4" ON "l0"."LoginUserId" = "u4"."Id"
ORDER BY "l0"."CreatedAt" DESC
2026-08-10 11:09:18.608 +05:30 [INF] Executed DbCommand (0ms) [Parameters=[], CommandType='"Text"', CommandTimeout='30']
SELECT "t"."Id", "t"."Name", "t"."Type", "t"."LocationId", "u0"."FullName", "u0"."Id", "s"."UserId", "s"."FullName", "s"."Email", "s"."Id", "s"."Id0"
FROM "Teams" AS "t"
LEFT JOIN (
    SELECT "u"."Id", "u"."FullName"
    FROM "Users" AS "u"
    WHERE NOT ("u"."IsDeleted")
) AS "u0" ON "t"."TeamLeadUserId" = "u0"."Id"
LEFT JOIN (
    SELECT "t0"."UserId", "u2"."FullName", "u2"."Email", "t0"."Id", "u2"."Id" AS "Id0", "t0"."TeamId"
    FROM "TeamMembers" AS "t0"
    INNER JOIN (
        SELECT "u1"."Id", "u1"."Email", "u1"."FullName"
        FROM "Users" AS "u1"
        WHERE NOT ("u1"."IsDeleted")
    ) AS "u2" ON "t0"."UserId" = "u2"."Id"
    WHERE NOT ("t0"."IsDeleted")
) AS "s" ON "t"."Id" = "s"."TeamId"
WHERE NOT ("t"."IsDeleted")
ORDER BY "t"."Id", "u0"."Id", "s"."Id"
2026-08-10 11:09:18.610 +05:30 [INF] Executed DbCommand (0ms) [Parameters=[@CurrentUserId='?' (DbType = Int32)], CommandType='"Text"', CommandTimeout='30']
SELECT "t"."Id", "t"."Title", "t"."Description", "t"."Priority", "t"."IsCompleted", "t"."DueDate", "t"."LoanId", "u0"."FullName" AS "AssignedTo", "u2"."FullName" AS "CreatedBy", "t"."CreatedAt"
FROM "Tasks" AS "t"
INNER JOIN (
    SELECT "u"."Id", "u"."FullName"
    FROM "Users" AS "u"
    WHERE NOT ("u"."IsDeleted")
) AS "u0" ON "t"."AssignedToUserId" = "u0"."Id"
INNER JOIN (
    SELECT "u1"."Id", "u1"."FullName"
    FROM "Users" AS "u1"
    WHERE NOT ("u1"."IsDeleted")
) AS "u2" ON "t"."CreatedByUserId" = "u2"."Id"
WHERE NOT ("t"."IsDeleted") AND ("t"."AssignedToUserId" = @CurrentUserId OR "t"."CreatedByUserId" = @CurrentUserId)
ORDER BY "t"."CreatedAt" DESC
2026-08-10 11:09:18.612 +05:30 [INF] Executed DbCommand (0ms) [Parameters=[], CommandType='"Text"', CommandTimeout='30']
SELECT "t"."Id", "t"."Title", "t"."Description", "t"."Status", "t"."Priority", "t"."LoanId", "u0"."FullName" AS "CreatedBy", "u2"."FullName" AS "AssignedTo", "t"."AssignedToUserId", "t"."CreatedAt", "t"."UpdatedAt", "t"."ClosedAt"
FROM "Tickets" AS "t"
INNER JOIN (
    SELECT "u"."Id", "u"."FullName"
    FROM "Users" AS "u"
    WHERE NOT ("u"."IsDeleted")
) AS "u0" ON "t"."CreatedByUserId" = "u0"."Id"
LEFT JOIN (
    SELECT "u1"."Id", "u1"."FullName"
    FROM "Users" AS "u1"
    WHERE NOT ("u1"."IsDeleted")
) AS "u2" ON "t"."AssignedToUserId" = "u2"."Id"
WHERE NOT ("t"."IsDeleted")
ORDER BY "t"."CreatedAt" DESC
2026-08-10 11:09:18.614 +05:30 [INF] Executed DbCommand (0ms) [Parameters=[], CommandType='"Text"', CommandTimeout='30']
SELECT "i"."Id", "i"."Name", "i"."Location", "i"."Email", "i"."ContactNo", "i"."CreatedAt", "i"."UpdatedAt"
FROM "IncredRmEmails" AS "i"
WHERE NOT ("i"."IsDeleted")
ORDER BY "i"."Name"
2026-08-10 11:09:18.617 +05:30 [INF] Executing OkObjectResult, writing value of type 'LoanMS.Application.DTOs.ApiResponseDto`1[[System.Collections.Generic.IEnumerable`1[[LoanMS.Application.DTOs.UserDto, LoanMS.Application, Version=1.0.0.0, Culture=neutral, PublicKeyToken=null]], System.Private.CoreLib, Version=10.0.0.0, Culture=neutral, PublicKeyToken=7cec85d7bea7798e]]'.
2026-08-10 11:09:18.619 +05:30 [INF] Executing OkObjectResult, writing value of type 'LoanMS.Application.DTOs.ApiResponseDto`1[[LoanMS.Application.DTOs.PagedResultDto`1[[LoanMS.Application.DTOs.LoanListDto, LoanMS.Application, Version=1.0.0.0, Culture=neutral, PublicKeyToken=null]], LoanMS.Application, Version=1.0.0.0, Culture=neutral, PublicKeyToken=null]]'.
2026-08-10 11:09:18.620 +05:30 [INF] Executing OkObjectResult, writing value of type 'LoanMS.Application.DTOs.ApiResponseDto`1[[System.Object, System.Private.CoreLib, Version=10.0.0.0, Culture=neutral, PublicKeyToken=7cec85d7bea7798e]]'.
2026-08-10 11:09:18.622 +05:30 [INF] Executing OkObjectResult, writing value of type 'LoanMS.Application.DTOs.ApiResponseDto`1[[System.Object, System.Private.CoreLib, Version=10.0.0.0, Culture=neutral, PublicKeyToken=7cec85d7bea7798e]]'.
2026-08-10 11:09:18.624 +05:30 [INF] Executing OkObjectResult, writing value of type 'LoanMS.Application.DTOs.ApiResponseDto`1[[System.Object, System.Private.CoreLib, Version=10.0.0.0, Culture=neutral, PublicKeyToken=7cec85d7bea7798e]]'.
2026-08-10 11:09:18.626 +05:30 [INF] Executing OkObjectResult, writing value of type 'LoanMS.Application.DTOs.ApiResponseDto`1[[System.Object, System.Private.CoreLib, Version=10.0.0.0, Culture=neutral, PublicKeyToken=7cec85d7bea7798e]]'.
2026-08-10 11:09:18.628 +05:30 [INF] Executed action LoanMS.API.Controllers.UsersController.GetAll (LoanMS.API) in 24.2731ms
2026-08-10 11:09:18.629 +05:30 [INF] Executed action LoanMS.API.Controllers.LoansController.GetBulk (LoanMS.API) in 36.3728ms
2026-08-10 11:09:18.631 +05:30 [INF] Executed action LoanMS.API.Controllers.TeamsController.GetAll (LoanMS.API) in 24.0069ms
2026-08-10 11:09:18.633 +05:30 [INF] Executed action LoanMS.API.Controllers.TasksController.GetAll (LoanMS.API) in 24.6112ms
2026-08-10 11:09:18.636 +05:30 [INF] Executed action LoanMS.API.Controllers.TicketsController.GetAll (LoanMS.API) in 25.1167ms
2026-08-10 11:09:18.637 +05:30 [INF] Executed action LoanMS.API.Controllers.IncredController.GetRmEmails (LoanMS.API) in 23.954ms
2026-08-10 11:09:18.639 +05:30 [INF] Executed endpoint 'LoanMS.API.Controllers.UsersController.GetAll (LoanMS.API)'
2026-08-10 11:09:18.640 +05:30 [INF] Executed endpoint 'LoanMS.API.Controllers.LoansController.GetBulk (LoanMS.API)'
2026-08-10 11:09:18.641 +05:30 [INF] Executed endpoint 'LoanMS.API.Controllers.TeamsController.GetAll (LoanMS.API)'
2026-08-10 11:09:18.642 +05:30 [INF] Executed endpoint 'LoanMS.API.Controllers.TasksController.GetAll (LoanMS.API)'
2026-08-10 11:09:18.643 +05:30 [INF] Executed endpoint 'LoanMS.API.Controllers.TicketsController.GetAll (LoanMS.API)'
2026-08-10 11:09:18.646 +05:30 [INF] Executed endpoint 'LoanMS.API.Controllers.IncredController.GetRmEmails (LoanMS.API)'
2026-08-10 11:09:18.647 +05:30 [INF] HTTP GET /api/users → 200 in 70.6ms
2026-08-10 11:09:18.649 +05:30 [INF] HTTP GET /api/loans/bulk → 200 in 80.1ms
2026-08-10 11:09:18.651 +05:30 [INF] HTTP GET /api/teams → 200 in 69.6ms
2026-08-10 11:09:18.653 +05:30 [INF] HTTP GET /api/tasks → 200 in 68.7ms
2026-08-10 11:09:18.654 +05:30 [INF] HTTP GET /api/tickets → 200 in 65.9ms
2026-08-10 11:09:18.656 +05:30 [INF] HTTP GET /api/incred/rm → 200 in 64.5ms
2026-08-10 11:09:18.659 +05:30 [INF] Request finished HTTP/1.1 GET http://localhost:7070/api/users - 200 720 application/json; charset=utf-8 87.9107ms
2026-08-10 11:09:18.662 +05:30 [INF] Request finished HTTP/1.1 GET http://localhost:7070/api/loans/bulk?pageSize=500 - 200 148 application/json; charset=utf-8 97.9697ms
2026-08-10 11:09:18.664 +05:30 [INF] Request finished HTTP/1.1 GET http://localhost:7070/api/teams - 200 53 application/json; charset=utf-8 93.0828ms
2026-08-10 11:09:18.666 +05:30 [INF] Request finished HTTP/1.1 GET http://localhost:7070/api/tasks - 200 53 application/json; charset=utf-8 94.3756ms
2026-08-10 11:09:18.668 +05:30 [INF] Request finished HTTP/1.1 GET http://localhost:7070/api/tickets - 200 53 application/json; charset=utf-8 95.743ms
2026-08-10 11:09:18.670 +05:30 [INF] Request finished HTTP/1.1 GET http://localhost:7070/api/incred/rm - 200 53 application/json; charset=utf-8 97.0891ms
2026-08-10 11:09:18.673 +05:30 [INF] Request starting HTTP/1.1 GET http://localhost:7070/api/banks - application/json null
2026-08-10 11:09:18.677 +05:30 [INF] Request starting HTTP/1.1 GET http://localhost:7070/api/report-targets - application/json null
2026-08-10 11:09:18.682 +05:30 [INF] Request starting HTTP/1.1 GET http://localhost:7070/api/assignment-audit - application/json null
2026-08-10 11:09:18.687 +05:30 [INF] Request starting HTTP/1.1 GET http://localhost:7070/api/rejectionreasons - application/json null
2026-08-10 11:09:18.692 +05:30 [INF] Request starting HTTP/1.1 GET http://localhost:7070/api/emailtemplates - application/json null
2026-08-10 11:09:18.699 +05:30 [INF] Request starting HTTP/1.1 GET http://localhost:7070/api/productoffermatrix - application/json null
2026-08-10 11:09:18.704 +05:30 [INF] Executing endpoint 'LoanMS.API.Controllers.BanksController.GetAll (LoanMS.API)'
2026-08-10 11:09:18.731 +05:30 [INF] Executing endpoint 'LoanMS.API.Controllers.ReportTargetsController.GetAll (LoanMS.API)'
2026-08-10 11:09:18.757 +05:30 [INF] Executing endpoint 'LoanMS.API.Controllers.AssignmentAuditController.GetAll (LoanMS.API)'
2026-08-10 11:09:18.763 +05:30 [INF] Executing endpoint 'LoanMS.API.Controllers.RejectionReasonsController.GetAll (LoanMS.API)'
2026-08-10 11:09:18.767 +05:30 [INF] Executing endpoint 'LoanMS.API.Controllers.EmailTemplatesController.GetAll (LoanMS.API)'
2026-08-10 11:09:18.772 +05:30 [INF] Executing endpoint 'LoanMS.API.Controllers.ProductOfferMatrixController.GetAll (LoanMS.API)'
2026-08-10 11:09:18.775 +05:30 [INF] Route matched with {action = "GetAll", controller = "Banks"}. Executing controller action with signature System.Threading.Tasks.Task`1[Microsoft.AspNetCore.Mvc.IActionResult] GetAll() on controller LoanMS.API.Controllers.BanksController (LoanMS.API).
2026-08-10 11:09:18.776 +05:30 [INF] Route matched with {action = "GetAll", controller = "ReportTargets"}. Executing controller action with signature System.Threading.Tasks.Task`1[Microsoft.AspNetCore.Mvc.IActionResult] GetAll() on controller LoanMS.API.Controllers.ReportTargetsController (LoanMS.API).
2026-08-10 11:09:18.778 +05:30 [INF] Route matched with {action = "GetAll", controller = "AssignmentAudit"}. Executing controller action with signature System.Threading.Tasks.Task`1[Microsoft.AspNetCore.Mvc.IActionResult] GetAll(System.String, Int32) on controller LoanMS.API.Controllers.AssignmentAuditController (LoanMS.API).
2026-08-10 11:09:18.780 +05:30 [INF] Route matched with {action = "GetAll", controller = "RejectionReasons"}. Executing controller action with signature System.Threading.Tasks.Task`1[Microsoft.AspNetCore.Mvc.IActionResult] GetAll() on controller LoanMS.API.Controllers.RejectionReasonsController (LoanMS.API).
2026-08-10 11:09:18.781 +05:30 [INF] Route matched with {action = "GetAll", controller = "EmailTemplates"}. Executing controller action with signature System.Threading.Tasks.Task`1[Microsoft.AspNetCore.Mvc.IActionResult] GetAll() on controller LoanMS.API.Controllers.EmailTemplatesController (LoanMS.API).
2026-08-10 11:09:18.782 +05:30 [INF] Route matched with {action = "GetAll", controller = "ProductOfferMatrix"}. Executing controller action with signature System.Threading.Tasks.Task`1[Microsoft.AspNetCore.Mvc.IActionResult] GetAll() on controller LoanMS.API.Controllers.ProductOfferMatrixController (LoanMS.API).
2026-08-10 11:09:18.786 +05:30 [INF] Executed DbCommand (0ms) [Parameters=[], CommandType='"Text"', CommandTimeout='30']
SELECT "b"."Id", "b"."BankName", "b"."IfscPrefix", "b"."EmpCode", "b"."Location", "b"."RmName", "b"."RmMobile", "b"."Email", "b"."Remarks", "b"."IsActive", "b"."CreatedAt", "b"."UpdatedAt", "b"."IsIncred", "b"."IsElite", "b"."MinCibil", "b"."AcceptNtc", "b"."MaxLoanAmt", "b"."MinTenure", "b"."MaxTenure", "b"."FoirLimit", "b"."PfRequired", "b"."MinAge", "b"."MaxAge", "b"."MinExpMonths", "b"."EmpTypesJson", "b"."CompTypesJson", "b1"."Id", "b1"."CompanyId", "b1"."CategoryId", "b1"."PinCode", "b1"."Pf"
FROM "Banks" AS "b"
LEFT JOIN (
    SELECT "b0"."Id", "b0"."CompanyId", "b0"."CategoryId", "b0"."PinCode", "b0"."Pf", "b0"."BankId"
    FROM "BankEligibilityLines" AS "b0"
    WHERE NOT ("b0"."IsDeleted")
) AS "b1" ON "b"."Id" = "b1"."BankId"
WHERE NOT ("b"."IsDeleted")
ORDER BY "b"."BankName", "b"."Id"
2026-08-10 11:09:18.787 +05:30 [INF] Executed DbCommand (0ms) [Parameters=[], CommandType='"Text"', CommandTimeout='30']
SELECT "r"."Id", "r"."TargetMonth", "r"."UserId", "r"."TeamId", "r"."DisbAmt", "r"."LoginCount", "r"."DisbCount", "r"."CreatedAt", "r"."UpdatedAt"
FROM "ReportTargets" AS "r"
WHERE NOT ("r"."IsDeleted")
ORDER BY "r"."TargetMonth"
2026-08-10 11:09:18.789 +05:30 [INF] Executed DbCommand (0ms) [Parameters=[@p='?' (DbType = Int32)], CommandType='"Text"', CommandTimeout='30']
SELECT "a"."Id", "a"."LoanApplicationId", "a"."LoanFrontendId", "a"."Location", "a"."LoanType", "a"."SalesPerson", "a"."SalesTeam", "a"."AssignedToUserId", "a"."AssignedToUserName", "a"."AssignedByUserId", "a"."AssignedByName", "a"."Method", "a"."TieBreak", "a"."PreviousUserName", "a"."Reason", "a"."CandidatesJson", "a"."AssignedAt", "a"."CreatedAt"
FROM "AssignmentAuditLogs" AS "a"
ORDER BY "a"."AssignedAt" DESC
LIMIT @p
2026-08-10 11:09:18.791 +05:30 [INF] Executed DbCommand (0ms) [Parameters=[], CommandType='"Text"', CommandTimeout='30']
SELECT "r"."Id", "r"."Key", "r"."Label", "r"."SortOrder", "r"."CreatedAt", "r"."UpdatedAt"
FROM "RejectionReasons" AS "r"
WHERE NOT ("r"."IsDeleted")
ORDER BY "r"."SortOrder", "r"."Label"
2026-08-10 11:09:18.793 +05:30 [INF] Executed DbCommand (0ms) [Parameters=[], CommandType='"Text"', CommandTimeout='30']
SELECT "e"."TemplateKey", "e"."Subject", "e"."Body", "e"."UpdatedAt"
FROM "EmailTemplates" AS "e"
WHERE NOT ("e"."IsDeleted")
2026-08-10 11:09:18.796 +05:30 [INF] Executed DbCommand (0ms) [Parameters=[], CommandType='"Text"', CommandTimeout='30']
SELECT "p"."ProductKey", "p"."MatrixJson", "p"."UpdatedAt"
FROM "ProductOfferMatrices" AS "p"
WHERE NOT ("p"."IsDeleted")
2026-08-10 11:09:18.798 +05:30 [INF] Executing OkObjectResult, writing value of type 'LoanMS.Application.DTOs.ApiResponseDto`1[[System.Object, System.Private.CoreLib, Version=10.0.0.0, Culture=neutral, PublicKeyToken=7cec85d7bea7798e]]'.
2026-08-10 11:09:18.800 +05:30 [INF] Executing OkObjectResult, writing value of type 'LoanMS.Application.DTOs.ApiResponseDto`1[[System.Object, System.Private.CoreLib, Version=10.0.0.0, Culture=neutral, PublicKeyToken=7cec85d7bea7798e]]'.
2026-08-10 11:09:18.802 +05:30 [INF] Executing OkObjectResult, writing value of type 'LoanMS.Application.DTOs.ApiResponseDto`1[[System.Object, System.Private.CoreLib, Version=10.0.0.0, Culture=neutral, PublicKeyToken=7cec85d7bea7798e]]'.
2026-08-10 11:09:18.804 +05:30 [INF] Executing OkObjectResult, writing value of type 'LoanMS.Application.DTOs.ApiResponseDto`1[[System.Object, System.Private.CoreLib, Version=10.0.0.0, Culture=neutral, PublicKeyToken=7cec85d7bea7798e]]'.
2026-08-10 11:09:18.806 +05:30 [INF] Executing OkObjectResult, writing value of type 'LoanMS.Application.DTOs.ApiResponseDto`1[[System.Object, System.Private.CoreLib, Version=10.0.0.0, Culture=neutral, PublicKeyToken=7cec85d7bea7798e]]'.
2026-08-10 11:09:18.808 +05:30 [INF] Executing OkObjectResult, writing value of type 'LoanMS.Application.DTOs.ApiResponseDto`1[[System.Object, System.Private.CoreLib, Version=10.0.0.0, Culture=neutral, PublicKeyToken=7cec85d7bea7798e]]'.
2026-08-10 11:09:18.810 +05:30 [INF] Executed action LoanMS.API.Controllers.BanksController.GetAll (LoanMS.API) in 25.1669ms
2026-08-10 11:09:18.812 +05:30 [INF] Executed action LoanMS.API.Controllers.ReportTargetsController.GetAll (LoanMS.API) in 25.5712ms
2026-08-10 11:09:18.815 +05:30 [INF] Executed action LoanMS.API.Controllers.AssignmentAuditController.GetAll (LoanMS.API) in 26.3322ms
2026-08-10 11:09:18.817 +05:30 [INF] Executed action LoanMS.API.Controllers.RejectionReasonsController.GetAll (LoanMS.API) in 27.0496ms
2026-08-10 11:09:18.820 +05:30 [INF] Executed action LoanMS.API.Controllers.EmailTemplatesController.GetAll (LoanMS.API) in 27.4123ms
2026-08-10 11:09:18.822 +05:30 [INF] Executed action LoanMS.API.Controllers.ProductOfferMatrixController.GetAll (LoanMS.API) in 26.9067ms
2026-08-10 11:09:18.824 +05:30 [INF] Executed endpoint 'LoanMS.API.Controllers.BanksController.GetAll (LoanMS.API)'
2026-08-10 11:09:18.825 +05:30 [INF] Executed endpoint 'LoanMS.API.Controllers.ReportTargetsController.GetAll (LoanMS.API)'
2026-08-10 11:09:18.827 +05:30 [INF] Executed endpoint 'LoanMS.API.Controllers.AssignmentAuditController.GetAll (LoanMS.API)'
2026-08-10 11:09:18.830 +05:30 [INF] Executed endpoint 'LoanMS.API.Controllers.RejectionReasonsController.GetAll (LoanMS.API)'
2026-08-10 11:09:18.832 +05:30 [INF] Executed endpoint 'LoanMS.API.Controllers.EmailTemplatesController.GetAll (LoanMS.API)'
2026-08-10 11:09:18.834 +05:30 [INF] Executed endpoint 'LoanMS.API.Controllers.ProductOfferMatrixController.GetAll (LoanMS.API)'
2026-08-10 11:09:18.835 +05:30 [INF] HTTP GET /api/banks → 200 in 131.4ms
2026-08-10 11:09:18.836 +05:30 [INF] HTTP GET /api/report-targets → 200 in 107.7ms
2026-08-10 11:09:18.838 +05:30 [INF] HTTP GET /api/assignment-audit → 200 in 81.0ms
2026-08-10 11:09:18.839 +05:30 [INF] HTTP GET /api/rejectionreasons → 200 in 76.1ms
2026-08-10 11:09:18.840 +05:30 [INF] HTTP GET /api/emailtemplates → 200 in 73.2ms
2026-08-10 11:09:18.841 +05:30 [INF] HTTP GET /api/productoffermatrix → 200 in 68.7ms
2026-08-10 11:09:18.843 +05:30 [INF] Request finished HTTP/1.1 GET http://localhost:7070/api/banks - 200 53 application/json; charset=utf-8 169.967ms
2026-08-10 11:09:18.845 +05:30 [INF] Request finished HTTP/1.1 GET http://localhost:7070/api/report-targets - 200 53 application/json; charset=utf-8 168.0717ms
2026-08-10 11:09:18.848 +05:30 [INF] Request finished HTTP/1.1 GET http://localhost:7070/api/assignment-audit - 200 53 application/json; charset=utf-8 165.9116ms
2026-08-10 11:09:18.850 +05:30 [INF] Request finished HTTP/1.1 GET http://localhost:7070/api/rejectionreasons - 200 53 application/json; charset=utf-8 163.2112ms
2026-08-10 11:09:18.852 +05:30 [INF] Request finished HTTP/1.1 GET http://localhost:7070/api/emailtemplates - 200 53 application/json; charset=utf-8 159.731ms
2026-08-10 11:09:18.854 +05:30 [INF] Request finished HTTP/1.1 GET http://localhost:7070/api/productoffermatrix - 200 53 application/json; charset=utf-8 155.3744ms
2026-08-10 11:09:18.857 +05:30 [INF] Request starting HTTP/1.1 GET http://localhost:7070/api/notifications - application/json null
2026-08-10 11:09:18.861 +05:30 [INF] Request starting HTTP/1.1 GET http://localhost:7070/api/expertexport/access - application/json null
2026-08-10 11:09:18.868 +05:30 [INF] Request starting HTTP/1.1 GET http://localhost:7070/api/reports/performance - application/json null
2026-08-10 11:09:18.871 +05:30 [INF] Request starting HTTP/1.1 GET http://localhost:7070/api/reports/pipeline - application/json null
2026-08-10 11:09:18.875 +05:30 [INF] Request starting HTTP/1.1 GET http://localhost:7070/api/reports/disbursement - application/json null
2026-08-10 11:09:18.879 +05:30 [INF] Executing endpoint 'LoanMS.API.Controllers.NotificationsController.GetNotifications (LoanMS.API)'
2026-08-10 11:09:18.884 +05:30 [INF] Executing endpoint 'LoanMS.API.Controllers.ExpertExportController.GetAccess (LoanMS.API)'
2026-08-10 11:09:18.887 +05:30 [INF] Executing endpoint 'LoanMS.API.Controllers.ReportsController.Performance (LoanMS.API)'
2026-08-10 11:09:18.889 +05:30 [INF] Executing endpoint 'LoanMS.API.Controllers.ReportsController.Pipeline (LoanMS.API)'
2026-08-10 11:09:18.892 +05:30 [INF] Executing endpoint 'LoanMS.API.Controllers.ReportsController.Disbursement (LoanMS.API)'
2026-08-10 11:09:18.893 +05:30 [INF] Route matched with {action = "GetNotifications", controller = "Notifications"}. Executing controller action with signature System.Threading.Tasks.Task`1[Microsoft.AspNetCore.Mvc.IActionResult] GetNotifications(Boolean) on controller LoanMS.API.Controllers.NotificationsController (LoanMS.API).
2026-08-10 11:09:18.895 +05:30 [INF] Route matched with {action = "GetAccess", controller = "ExpertExport"}. Executing controller action with signature System.Threading.Tasks.Task`1[Microsoft.AspNetCore.Mvc.IActionResult] GetAccess() on controller LoanMS.API.Controllers.ExpertExportController (LoanMS.API).
2026-08-10 11:09:18.896 +05:30 [INF] Route matched with {action = "Performance", controller = "Reports"}. Executing controller action with signature System.Threading.Tasks.Task`1[Microsoft.AspNetCore.Mvc.IActionResult] Performance(System.Nullable`1[System.DateTime], System.Nullable`1[System.DateTime]) on controller LoanMS.API.Controllers.ReportsController (LoanMS.API).
2026-08-10 11:09:18.898 +05:30 [INF] Route matched with {action = "Pipeline", controller = "Reports"}. Executing controller action with signature System.Threading.Tasks.Task`1[Microsoft.AspNetCore.Mvc.IActionResult] Pipeline(System.Nullable`1[System.DateTime], System.Nullable`1[System.DateTime]) on controller LoanMS.API.Controllers.ReportsController (LoanMS.API).
2026-08-10 11:09:18.899 +05:30 [INF] Route matched with {action = "Disbursement", controller = "Reports"}. Executing controller action with signature System.Threading.Tasks.Task`1[Microsoft.AspNetCore.Mvc.IActionResult] Disbursement(System.Nullable`1[System.DateTime], System.Nullable`1[System.DateTime]) on controller LoanMS.API.Controllers.ReportsController (LoanMS.API).
2026-08-10 11:09:18.903 +05:30 [INF] Executed DbCommand (0ms) [Parameters=[@role='?', @userId='?' (DbType = Int32), @p='?' (DbType = Int32)], CommandType='"Text"', CommandTimeout='30']
SELECT "a"."Id", "a"."Type", "a"."Icon", "a"."Message", "a"."ClaimId", "a"."Partner", "a"."Amount", "a"."TargetUserId", "a"."IsRead", "a"."CreatedAt"
FROM "AppNotifications" AS "a"
WHERE NOT ("a"."IsDeleted") AND (("a"."TargetRole" IS NULL AND "a"."TargetUserId" IS NULL) OR "a"."TargetRole" = @role OR "a"."TargetUserId" = @userId)
ORDER BY "a"."CreatedAt" DESC
LIMIT @p
2026-08-10 11:09:18.904 +05:30 [INF] Executed DbCommand (0ms) [Parameters=[], CommandType='"Text"', CommandTimeout='30']
SELECT "a"."Value"
FROM "AppSettings" AS "a"
WHERE NOT ("a"."IsDeleted") AND "a"."Key" = 'expert_export_roles' AND NOT ("a"."IsDeleted")
LIMIT 1
2026-08-10 11:09:18.906 +05:30 [INF] Executed DbCommand (0ms) [Parameters=[], CommandType='"Text"', CommandTimeout='30']
SELECT "u0"."FullName" AS "SalesPerson", COUNT(*) AS "TotalApps", COUNT(CASE
    WHEN "l"."Status" = 'Disbursed' THEN 1
END) AS "Disbursed", COUNT(CASE
    WHEN "l"."Status" = 'Rejected' THEN 1
END) AS "Rejected", COALESCE(ef_sum("l"."RequestedAmount"), '0.0') AS "TotalAmount", COALESCE(ef_sum(CASE
    WHEN "l"."ApprovedAmount" IS NOT NULL THEN "l"."ApprovedAmount"
END), '0.0') AS "DisbursedAmount"
FROM "Loans" AS "l"
INNER JOIN (
    SELECT "u"."Id", "u"."FullName"
    FROM "Users" AS "u"
    WHERE NOT ("u"."IsDeleted")
) AS "u0" ON "l"."CreatedByUserId" = "u0"."Id"
WHERE NOT ("l"."IsDeleted")
GROUP BY "u0"."FullName"
2026-08-10 11:09:18.909 +05:30 [INF] Executed DbCommand (0ms) [Parameters=[], CommandType='"Text"', CommandTimeout='30']
SELECT CAST("l"."Status" AS TEXT) AS "Status", COUNT(*) AS "Count", COALESCE(ef_sum("l"."RequestedAmount"), '0.0') AS "Total"
FROM "Loans" AS "l"
WHERE NOT ("l"."IsDeleted")
GROUP BY "l"."Status"
2026-08-10 11:09:18.911 +05:30 [INF] Executed DbCommand (0ms) [Parameters=[], CommandType='"Text"', CommandTimeout='30']
SELECT "l"."LoanNumber", "c0"."FullName" AS "CustomerName", "l"."LoanType", "l"."ApprovedAmount", "l"."InterestRate", "l"."TenureMonths", "u0"."FullName" AS "SalesPerson", "l"."DisbursedAt"
FROM "Loans" AS "l"
INNER JOIN (
    SELECT "c"."Id", "c"."FullName"
    FROM "Customers" AS "c"
    WHERE NOT ("c"."IsDeleted")
) AS "c0" ON "l"."CustomerId" = "c0"."Id"
INNER JOIN (
    SELECT "u"."Id", "u"."FullName"
    FROM "Users" AS "u"
    WHERE NOT ("u"."IsDeleted")
) AS "u0" ON "l"."CreatedByUserId" = "u0"."Id"
WHERE NOT ("l"."IsDeleted") AND "l"."Status" = 'Disbursed'
2026-08-10 11:09:18.913 +05:30 [INF] Executing OkObjectResult, writing value of type 'LoanMS.Application.DTOs.ApiResponseDto`1[[System.Object, System.Private.CoreLib, Version=10.0.0.0, Culture=neutral, PublicKeyToken=7cec85d7bea7798e]]'.
2026-08-10 11:09:18.916 +05:30 [INF] Executed DbCommand (0ms) [Parameters=[], CommandType='"Text"', CommandTimeout='30']
SELECT "a"."Value"
FROM "AppSettings" AS "a"
WHERE NOT ("a"."IsDeleted") AND "a"."Key" = 'expert_export_users' AND NOT ("a"."IsDeleted")
LIMIT 1
2026-08-10 11:09:18.918 +05:30 [INF] Executing OkObjectResult, writing value of type 'LoanMS.Application.DTOs.ApiResponseDto`1[[System.Object, System.Private.CoreLib, Version=10.0.0.0, Culture=neutral, PublicKeyToken=7cec85d7bea7798e]]'.
2026-08-10 11:09:18.920 +05:30 [INF] Executing OkObjectResult, writing value of type 'LoanMS.Application.DTOs.ApiResponseDto`1[[System.Object, System.Private.CoreLib, Version=10.0.0.0, Culture=neutral, PublicKeyToken=7cec85d7bea7798e]]'.
2026-08-10 11:09:18.922 +05:30 [INF] Executing OkObjectResult, writing value of type 'LoanMS.Application.DTOs.ApiResponseDto`1[[System.Object, System.Private.CoreLib, Version=10.0.0.0, Culture=neutral, PublicKeyToken=7cec85d7bea7798e]]'.
2026-08-10 11:09:18.924 +05:30 [INF] Executed action LoanMS.API.Controllers.NotificationsController.GetNotifications (LoanMS.API) in 22.3959ms
2026-08-10 11:09:18.926 +05:30 [INF] Executing OkObjectResult, writing value of type '<>f__AnonymousType41`1[[System.Boolean, System.Private.CoreLib, Version=10.0.0.0, Culture=neutral, PublicKeyToken=7cec85d7bea7798e]]'.
2026-08-10 11:09:18.928 +05:30 [INF] Executed action LoanMS.API.Controllers.ReportsController.Performance (LoanMS.API) in 23.1293ms
2026-08-10 11:09:18.931 +05:30 [INF] Executed action LoanMS.API.Controllers.ReportsController.Pipeline (LoanMS.API) in 22.8825ms
2026-08-10 11:09:18.933 +05:30 [INF] Executed action LoanMS.API.Controllers.ReportsController.Disbursement (LoanMS.API) in 23.1882ms
2026-08-10 11:09:18.934 +05:30 [INF] Executed endpoint 'LoanMS.API.Controllers.NotificationsController.GetNotifications (LoanMS.API)'
2026-08-10 11:09:18.936 +05:30 [INF] Executed action LoanMS.API.Controllers.ExpertExportController.GetAccess (LoanMS.API) in 32.6088ms
2026-08-10 11:09:18.938 +05:30 [INF] Executed endpoint 'LoanMS.API.Controllers.ReportsController.Performance (LoanMS.API)'
2026-08-10 11:09:18.939 +05:30 [INF] Executed endpoint 'LoanMS.API.Controllers.ReportsController.Pipeline (LoanMS.API)'
2026-08-10 11:09:18.940 +05:30 [INF] Executed endpoint 'LoanMS.API.Controllers.ReportsController.Disbursement (LoanMS.API)'
2026-08-10 11:09:18.941 +05:30 [INF] HTTP GET /api/notifications → 200 in 62.9ms
2026-08-10 11:09:18.943 +05:30 [INF] Executed endpoint 'LoanMS.API.Controllers.ExpertExportController.GetAccess (LoanMS.API)'
2026-08-10 11:09:18.944 +05:30 [INF] HTTP GET /api/reports/performance → 200 in 57.1ms
2026-08-10 11:09:18.945 +05:30 [INF] HTTP GET /api/reports/pipeline → 200 in 56.1ms
2026-08-10 11:09:18.947 +05:30 [INF] HTTP GET /api/reports/disbursement → 200 in 55.1ms
2026-08-10 11:09:18.949 +05:30 [INF] Request finished HTTP/1.1 GET http://localhost:7070/api/notifications - 200 53 application/json; charset=utf-8 91.6609ms
2026-08-10 11:09:18.950 +05:30 [INF] HTTP GET /api/expertexport/access → 200 in 65.9ms
2026-08-10 11:09:18.952 +05:30 [INF] Request finished HTTP/1.1 GET http://localhost:7070/api/reports/performance - 200 53 application/json; charset=utf-8 83.6417ms
2026-08-10 11:09:18.954 +05:30 [INF] Request finished HTTP/1.1 GET http://localhost:7070/api/reports/pipeline - 200 53 application/json; charset=utf-8 82.5332ms
2026-08-10 11:09:18.955 +05:30 [INF] Request finished HTTP/1.1 GET http://localhost:7070/api/reports/disbursement - 200 53 application/json; charset=utf-8 80.7003ms
2026-08-10 11:09:18.961 +05:30 [INF] Request finished HTTP/1.1 GET http://localhost:7070/api/expertexport/access - 200 17 application/json; charset=utf-8 100.1612ms
2026-08-10 11:10:15.732 +05:30 [INF] Request starting HTTP/1.1 GET http://localhost:7070/api/loans/bulk?pageSize=500 - application/json null
2026-08-10 11:10:15.736 +05:30 [INF] Request starting HTTP/1.1 GET http://localhost:7070/api/teams - application/json null
2026-08-10 11:10:15.736 +05:30 [INF] Request starting HTTP/1.1 GET http://localhost:7070/api/users - application/json null
2026-08-10 11:10:15.738 +05:30 [INF] Request starting HTTP/1.1 GET http://localhost:7070/api/tasks - application/json null
2026-08-10 11:10:15.739 +05:30 [INF] Request starting HTTP/1.1 GET http://localhost:7070/api/tickets - application/json null
2026-08-10 11:10:15.740 +05:30 [INF] Request starting HTTP/1.1 GET http://localhost:7070/api/incred/rm - application/json null
2026-08-10 11:10:15.747 +05:30 [INF] Executing endpoint 'LoanMS.API.Controllers.LoansController.GetBulk (LoanMS.API)'
2026-08-10 11:10:15.761 +05:30 [INF] Executing endpoint 'LoanMS.API.Controllers.TeamsController.GetAll (LoanMS.API)'
2026-08-10 11:10:15.773 +05:30 [INF] Executing endpoint 'LoanMS.API.Controllers.UsersController.GetAll (LoanMS.API)'
2026-08-10 11:10:15.785 +05:30 [INF] Executing endpoint 'LoanMS.API.Controllers.TasksController.GetAll (LoanMS.API)'
2026-08-10 11:10:15.797 +05:30 [INF] Executing endpoint 'LoanMS.API.Controllers.TicketsController.GetAll (LoanMS.API)'
2026-08-10 11:10:15.805 +05:30 [INF] Executing endpoint 'LoanMS.API.Controllers.IncredController.GetRmEmails (LoanMS.API)'
2026-08-10 11:10:15.809 +05:30 [INF] Route matched with {action = "GetBulk", controller = "Loans"}. Executing controller action with signature System.Threading.Tasks.Task`1[Microsoft.AspNetCore.Mvc.IActionResult] GetBulk(Int32) on controller LoanMS.API.Controllers.LoansController (LoanMS.API).
2026-08-10 11:10:15.813 +05:30 [INF] Route matched with {action = "GetAll", controller = "Teams"}. Executing controller action with signature System.Threading.Tasks.Task`1[Microsoft.AspNetCore.Mvc.IActionResult] GetAll(System.String) on controller LoanMS.API.Controllers.TeamsController (LoanMS.API).
2026-08-10 11:10:15.817 +05:30 [INF] Route matched with {action = "GetAll", controller = "Users"}. Executing controller action with signature System.Threading.Tasks.Task`1[Microsoft.AspNetCore.Mvc.IActionResult] GetAll() on controller LoanMS.API.Controllers.UsersController (LoanMS.API).
2026-08-10 11:10:15.822 +05:30 [INF] Route matched with {action = "GetAll", controller = "Tasks"}. Executing controller action with signature System.Threading.Tasks.Task`1[Microsoft.AspNetCore.Mvc.IActionResult] GetAll(System.Nullable`1[System.Int32], System.Nullable`1[System.Boolean]) on controller LoanMS.API.Controllers.TasksController (LoanMS.API).
2026-08-10 11:10:15.827 +05:30 [INF] Route matched with {action = "GetAll", controller = "Tickets"}. Executing controller action with signature System.Threading.Tasks.Task`1[Microsoft.AspNetCore.Mvc.IActionResult] GetAll(System.String) on controller LoanMS.API.Controllers.TicketsController (LoanMS.API).
2026-08-10 11:10:15.830 +05:30 [INF] Route matched with {action = "GetRmEmails", controller = "Incred"}. Executing controller action with signature System.Threading.Tasks.Task`1[Microsoft.AspNetCore.Mvc.IActionResult] GetRmEmails() on controller LoanMS.API.Controllers.IncredController (LoanMS.API).
2026-08-10 11:10:15.839 +05:30 [INF] Executed DbCommand (0ms) [Parameters=[], CommandType='"Text"', CommandTimeout='30']
SELECT COUNT(*)
FROM "Loans" AS "l"
WHERE 0
2026-08-10 11:10:15.844 +05:30 [INF] Executed DbCommand (0ms) [Parameters=[], CommandType='"Text"', CommandTimeout='30']
SELECT "t"."Id", "t"."Name", "t"."Type", "t"."LocationId", "u0"."FullName", "u0"."Id", "s"."UserId", "s"."FullName", "s"."Email", "s"."Id", "s"."Id0"
FROM "Teams" AS "t"
LEFT JOIN (
    SELECT "u"."Id", "u"."FullName"
    FROM "Users" AS "u"
    WHERE NOT ("u"."IsDeleted")
) AS "u0" ON "t"."TeamLeadUserId" = "u0"."Id"
LEFT JOIN (
    SELECT "t0"."UserId", "u2"."FullName", "u2"."Email", "t0"."Id", "u2"."Id" AS "Id0", "t0"."TeamId"
    FROM "TeamMembers" AS "t0"
    INNER JOIN (
        SELECT "u1"."Id", "u1"."Email", "u1"."FullName"
        FROM "Users" AS "u1"
        WHERE NOT ("u1"."IsDeleted")
    ) AS "u2" ON "t0"."UserId" = "u2"."Id"
    WHERE NOT ("t0"."IsDeleted")
) AS "s" ON "t"."Id" = "s"."TeamId"
WHERE NOT ("t"."IsDeleted")
ORDER BY "t"."Id", "u0"."Id", "s"."Id"
2026-08-10 11:10:15.848 +05:30 [INF] Executed DbCommand (0ms) [Parameters=[], CommandType='"Text"', CommandTimeout='30']
SELECT "u"."Id", "u"."CreatedAt", "u"."Email", "u"."FailedLoginAttempts", "u"."FullName", "u"."IsActive", "u"."IsDeleted", "u"."LocationId", "u"."LocationName", "u"."LockedUntil", "u"."MustChangePassword", "u"."OpTeam", "u"."PasswordHash", "u"."PhoneNumber", "u"."PhotoData", "u"."RefreshToken", "u"."RefreshTokenExpiry", "u"."Role", "u"."SalesTeam", "u"."UpdatedAt"
FROM "Users" AS "u"
WHERE NOT ("u"."IsDeleted") AND "u"."IsActive"
ORDER BY "u"."FullName"
2026-08-10 11:10:15.853 +05:30 [INF] Executed DbCommand (0ms) [Parameters=[@CurrentUserId='?' (DbType = Int32)], CommandType='"Text"', CommandTimeout='30']
SELECT "t"."Id", "t"."Title", "t"."Description", "t"."Priority", "t"."IsCompleted", "t"."DueDate", "t"."LoanId", "u0"."FullName" AS "AssignedTo", "u2"."FullName" AS "CreatedBy", "t"."CreatedAt"
FROM "Tasks" AS "t"
INNER JOIN (
    SELECT "u"."Id", "u"."FullName"
    FROM "Users" AS "u"
    WHERE NOT ("u"."IsDeleted")
) AS "u0" ON "t"."AssignedToUserId" = "u0"."Id"
INNER JOIN (
    SELECT "u1"."Id", "u1"."FullName"
    FROM "Users" AS "u1"
    WHERE NOT ("u1"."IsDeleted")
) AS "u2" ON "t"."CreatedByUserId" = "u2"."Id"
WHERE NOT ("t"."IsDeleted") AND ("t"."AssignedToUserId" = @CurrentUserId OR "t"."CreatedByUserId" = @CurrentUserId)
ORDER BY "t"."CreatedAt" DESC
2026-08-10 11:10:15.857 +05:30 [INF] Executed DbCommand (0ms) [Parameters=[], CommandType='"Text"', CommandTimeout='30']
SELECT "t"."Id", "t"."Title", "t"."Description", "t"."Status", "t"."Priority", "t"."LoanId", "u0"."FullName" AS "CreatedBy", "u2"."FullName" AS "AssignedTo", "t"."AssignedToUserId", "t"."CreatedAt", "t"."UpdatedAt", "t"."ClosedAt"
FROM "Tickets" AS "t"
INNER JOIN (
    SELECT "u"."Id", "u"."FullName"
    FROM "Users" AS "u"
    WHERE NOT ("u"."IsDeleted")
) AS "u0" ON "t"."CreatedByUserId" = "u0"."Id"
LEFT JOIN (
    SELECT "u1"."Id", "u1"."FullName"
    FROM "Users" AS "u1"
    WHERE NOT ("u1"."IsDeleted")
) AS "u2" ON "t"."AssignedToUserId" = "u2"."Id"
WHERE NOT ("t"."IsDeleted")
ORDER BY "t"."CreatedAt" DESC
2026-08-10 11:10:15.860 +05:30 [INF] Executed DbCommand (0ms) [Parameters=[], CommandType='"Text"', CommandTimeout='30']
SELECT "i"."Id", "i"."Name", "i"."Location", "i"."Email", "i"."ContactNo", "i"."CreatedAt", "i"."UpdatedAt"
FROM "IncredRmEmails" AS "i"
WHERE NOT ("i"."IsDeleted")
ORDER BY "i"."Name"
2026-08-10 11:10:15.863 +05:30 [INF] Executed DbCommand (1ms) [Parameters=[@p0='?' (DbType = Int32), @p='?' (DbType = Int32)], CommandType='"Text"', CommandTimeout='30']
SELECT "l0"."Id", "l0"."LoanNumber", CAST("l0"."LoanType" AS TEXT) AS "LoanType", CAST("l0"."Status" AS TEXT) AS "Status", "l0"."RequestedAmount", "l0"."ApprovedAmount", "l0"."InterestRate", "l0"."TenureMonths", "c0"."FullName" AS "CustomerName", "c0"."Phone" AS "CustomerPhone", "u0"."FullName" AS "CreatedByName", "u2"."FullName" AS "AssignedToName", "u4"."FullName" AS "LoginUserName", (
    SELECT "b"."RiskGrade"
    FROM "BureauReports" AS "b"
    WHERE "b"."CustomerId" = "l0"."CustomerId"
    ORDER BY "b"."ScoreGeneratedDate" DESC
    LIMIT 1) AS "RiskGrade", "l0"."CreatedAt"
FROM (
    SELECT "l"."Id", "l"."ApprovedAmount", "l"."AssignedToUserId", "l"."CreatedAt", "l"."CreatedByUserId", "l"."CustomerId", "l"."InterestRate", "l"."LoanNumber", "l"."LoanType", "l"."LoginUserId", "l"."RequestedAmount", "l"."Status", "l"."TenureMonths"
    FROM "Loans" AS "l"
    WHERE 0
    ORDER BY "l"."CreatedAt" DESC
    LIMIT @p0 OFFSET @p
) AS "l0"
INNER JOIN (
    SELECT "c"."Id", "c"."FullName", "c"."Phone"
    FROM "Customers" AS "c"
    WHERE NOT ("c"."IsDeleted")
) AS "c0" ON "l0"."CustomerId" = "c0"."Id"
INNER JOIN (
    SELECT "u"."Id", "u"."FullName"
    FROM "Users" AS "u"
    WHERE NOT ("u"."IsDeleted")
) AS "u0" ON "l0"."CreatedByUserId" = "u0"."Id"
LEFT JOIN (
    SELECT "u1"."Id", "u1"."FullName"
    FROM "Users" AS "u1"
    WHERE NOT ("u1"."IsDeleted")
) AS "u2" ON "l0"."AssignedToUserId" = "u2"."Id"
LEFT JOIN (
    SELECT "u3"."Id", "u3"."FullName"
    FROM "Users" AS "u3"
    WHERE NOT ("u3"."IsDeleted")
) AS "u4" ON "l0"."LoginUserId" = "u4"."Id"
ORDER BY "l0"."CreatedAt" DESC
2026-08-10 11:10:15.866 +05:30 [INF] Executing OkObjectResult, writing value of type 'LoanMS.Application.DTOs.ApiResponseDto`1[[System.Object, System.Private.CoreLib, Version=10.0.0.0, Culture=neutral, PublicKeyToken=7cec85d7bea7798e]]'.
2026-08-10 11:10:15.871 +05:30 [INF] Executing OkObjectResult, writing value of type 'LoanMS.Application.DTOs.ApiResponseDto`1[[System.Collections.Generic.IEnumerable`1[[LoanMS.Application.DTOs.UserDto, LoanMS.Application, Version=1.0.0.0, Culture=neutral, PublicKeyToken=null]], System.Private.CoreLib, Version=10.0.0.0, Culture=neutral, PublicKeyToken=7cec85d7bea7798e]]'.
2026-08-10 11:10:15.874 +05:30 [INF] Executing OkObjectResult, writing value of type 'LoanMS.Application.DTOs.ApiResponseDto`1[[System.Object, System.Private.CoreLib, Version=10.0.0.0, Culture=neutral, PublicKeyToken=7cec85d7bea7798e]]'.
2026-08-10 11:10:15.877 +05:30 [INF] Executing OkObjectResult, writing value of type 'LoanMS.Application.DTOs.ApiResponseDto`1[[System.Object, System.Private.CoreLib, Version=10.0.0.0, Culture=neutral, PublicKeyToken=7cec85d7bea7798e]]'.
2026-08-10 11:10:15.881 +05:30 [INF] Executing OkObjectResult, writing value of type 'LoanMS.Application.DTOs.ApiResponseDto`1[[System.Object, System.Private.CoreLib, Version=10.0.0.0, Culture=neutral, PublicKeyToken=7cec85d7bea7798e]]'.
2026-08-10 11:10:15.885 +05:30 [INF] Executing OkObjectResult, writing value of type 'LoanMS.Application.DTOs.ApiResponseDto`1[[LoanMS.Application.DTOs.PagedResultDto`1[[LoanMS.Application.DTOs.LoanListDto, LoanMS.Application, Version=1.0.0.0, Culture=neutral, PublicKeyToken=null]], LoanMS.Application, Version=1.0.0.0, Culture=neutral, PublicKeyToken=null]]'.
2026-08-10 11:10:15.887 +05:30 [INF] Executed action LoanMS.API.Controllers.TeamsController.GetAll (LoanMS.API) in 44.6546ms
2026-08-10 11:10:15.889 +05:30 [INF] Executed action LoanMS.API.Controllers.UsersController.GetAll (LoanMS.API) in 42.8562ms
2026-08-10 11:10:15.891 +05:30 [INF] Executed action LoanMS.API.Controllers.TasksController.GetAll (LoanMS.API) in 39.5016ms
2026-08-10 11:10:15.893 +05:30 [INF] Executed action LoanMS.API.Controllers.TicketsController.GetAll (LoanMS.API) in 36.9332ms
2026-08-10 11:10:15.895 +05:30 [INF] Executed action LoanMS.API.Controllers.IncredController.GetRmEmails (LoanMS.API) in 35.6253ms
2026-08-10 11:10:15.898 +05:30 [INF] Executed action LoanMS.API.Controllers.LoansController.GetBulk (LoanMS.API) in 63.1366ms
2026-08-10 11:10:15.900 +05:30 [INF] Executed endpoint 'LoanMS.API.Controllers.TeamsController.GetAll (LoanMS.API)'
2026-08-10 11:10:15.902 +05:30 [INF] Executed endpoint 'LoanMS.API.Controllers.UsersController.GetAll (LoanMS.API)'
2026-08-10 11:10:15.904 +05:30 [INF] Executed endpoint 'LoanMS.API.Controllers.TasksController.GetAll (LoanMS.API)'
2026-08-10 11:10:15.960 +05:30 [INF] Executed endpoint 'LoanMS.API.Controllers.TicketsController.GetAll (LoanMS.API)'
2026-08-10 11:10:15.962 +05:30 [INF] Executed endpoint 'LoanMS.API.Controllers.IncredController.GetRmEmails (LoanMS.API)'
2026-08-10 11:10:15.963 +05:30 [INF] Executed endpoint 'LoanMS.API.Controllers.LoansController.GetBulk (LoanMS.API)'
2026-08-10 11:10:15.964 +05:30 [INF] HTTP GET /api/teams → 200 in 205.0ms
2026-08-10 11:10:15.965 +05:30 [INF] HTTP GET /api/users → 200 in 193.3ms
2026-08-10 11:10:15.970 +05:30 [INF] HTTP GET /api/tasks → 200 in 185.6ms
2026-08-10 11:10:15.973 +05:30 [INF] HTTP GET /api/tickets → 200 in 176.4ms
2026-08-10 11:10:15.974 +05:30 [INF] HTTP GET /api/incred/rm → 200 in 170.5ms
2026-08-10 11:10:15.975 +05:30 [INF] HTTP GET /api/loans/bulk → 200 in 229.2ms
2026-08-10 11:10:15.977 +05:30 [INF] Request finished HTTP/1.1 GET http://localhost:7070/api/teams - 200 53 application/json; charset=utf-8 241.6314ms
2026-08-10 11:10:15.980 +05:30 [INF] Request finished HTTP/1.1 GET http://localhost:7070/api/users - 200 720 application/json; charset=utf-8 243.6316ms
2026-08-10 11:10:15.982 +05:30 [INF] Request finished HTTP/1.1 GET http://localhost:7070/api/tasks - 200 53 application/json; charset=utf-8 243.4454ms
2026-08-10 11:10:15.984 +05:30 [INF] Request finished HTTP/1.1 GET http://localhost:7070/api/tickets - 200 53 application/json; charset=utf-8 244.6379ms
2026-08-10 11:10:15.986 +05:30 [INF] Request finished HTTP/1.1 GET http://localhost:7070/api/incred/rm - 200 53 application/json; charset=utf-8 245.6444ms
2026-08-10 11:10:15.987 +05:30 [INF] Request finished HTTP/1.1 GET http://localhost:7070/api/loans/bulk?pageSize=500 - 200 148 application/json; charset=utf-8 254.9597ms
2026-08-10 11:10:15.991 +05:30 [INF] Request starting HTTP/1.1 GET http://localhost:7070/api/banks - application/json null
2026-08-10 11:10:15.994 +05:30 [INF] Request starting HTTP/1.1 GET http://localhost:7070/api/report-targets - application/json null
2026-08-10 11:10:15.998 +05:30 [INF] Request starting HTTP/1.1 GET http://localhost:7070/api/assignment-audit - application/json null
2026-08-10 11:10:16.001 +05:30 [INF] Request starting HTTP/1.1 GET http://localhost:7070/api/rejectionreasons - application/json null
2026-08-10 11:10:16.005 +05:30 [INF] Request starting HTTP/1.1 GET http://localhost:7070/api/emailtemplates - application/json null
2026-08-10 11:10:16.008 +05:30 [INF] Request starting HTTP/1.1 GET http://localhost:7070/api/productoffermatrix - application/json null
2026-08-10 11:10:16.012 +05:30 [INF] Executing endpoint 'LoanMS.API.Controllers.BanksController.GetAll (LoanMS.API)'
2026-08-10 11:10:16.018 +05:30 [INF] Executing endpoint 'LoanMS.API.Controllers.ReportTargetsController.GetAll (LoanMS.API)'
2026-08-10 11:10:16.021 +05:30 [INF] Executing endpoint 'LoanMS.API.Controllers.AssignmentAuditController.GetAll (LoanMS.API)'
2026-08-10 11:10:16.024 +05:30 [INF] Executing endpoint 'LoanMS.API.Controllers.RejectionReasonsController.GetAll (LoanMS.API)'
2026-08-10 11:10:16.027 +05:30 [INF] Executing endpoint 'LoanMS.API.Controllers.EmailTemplatesController.GetAll (LoanMS.API)'
2026-08-10 11:10:16.031 +05:30 [INF] Executing endpoint 'LoanMS.API.Controllers.ProductOfferMatrixController.GetAll (LoanMS.API)'
2026-08-10 11:10:16.034 +05:30 [INF] Route matched with {action = "GetAll", controller = "Banks"}. Executing controller action with signature System.Threading.Tasks.Task`1[Microsoft.AspNetCore.Mvc.IActionResult] GetAll() on controller LoanMS.API.Controllers.BanksController (LoanMS.API).
2026-08-10 11:10:16.035 +05:30 [INF] Route matched with {action = "GetAll", controller = "ReportTargets"}. Executing controller action with signature System.Threading.Tasks.Task`1[Microsoft.AspNetCore.Mvc.IActionResult] GetAll() on controller LoanMS.API.Controllers.ReportTargetsController (LoanMS.API).
2026-08-10 11:10:16.036 +05:30 [INF] Route matched with {action = "GetAll", controller = "AssignmentAudit"}. Executing controller action with signature System.Threading.Tasks.Task`1[Microsoft.AspNetCore.Mvc.IActionResult] GetAll(System.String, Int32) on controller LoanMS.API.Controllers.AssignmentAuditController (LoanMS.API).
2026-08-10 11:10:16.037 +05:30 [INF] Route matched with {action = "GetAll", controller = "RejectionReasons"}. Executing controller action with signature System.Threading.Tasks.Task`1[Microsoft.AspNetCore.Mvc.IActionResult] GetAll() on controller LoanMS.API.Controllers.RejectionReasonsController (LoanMS.API).
2026-08-10 11:10:16.038 +05:30 [INF] Route matched with {action = "GetAll", controller = "EmailTemplates"}. Executing controller action with signature System.Threading.Tasks.Task`1[Microsoft.AspNetCore.Mvc.IActionResult] GetAll() on controller LoanMS.API.Controllers.EmailTemplatesController (LoanMS.API).
2026-08-10 11:10:16.039 +05:30 [INF] Route matched with {action = "GetAll", controller = "ProductOfferMatrix"}. Executing controller action with signature System.Threading.Tasks.Task`1[Microsoft.AspNetCore.Mvc.IActionResult] GetAll() on controller LoanMS.API.Controllers.ProductOfferMatrixController (LoanMS.API).
2026-08-10 11:10:16.043 +05:30 [INF] Executed DbCommand (0ms) [Parameters=[], CommandType='"Text"', CommandTimeout='30']
SELECT "b"."Id", "b"."BankName", "b"."IfscPrefix", "b"."EmpCode", "b"."Location", "b"."RmName", "b"."RmMobile", "b"."Email", "b"."Remarks", "b"."IsActive", "b"."CreatedAt", "b"."UpdatedAt", "b"."IsIncred", "b"."IsElite", "b"."MinCibil", "b"."AcceptNtc", "b"."MaxLoanAmt", "b"."MinTenure", "b"."MaxTenure", "b"."FoirLimit", "b"."PfRequired", "b"."MinAge", "b"."MaxAge", "b"."MinExpMonths", "b"."EmpTypesJson", "b"."CompTypesJson", "b1"."Id", "b1"."CompanyId", "b1"."CategoryId", "b1"."PinCode", "b1"."Pf"
FROM "Banks" AS "b"
LEFT JOIN (
    SELECT "b0"."Id", "b0"."CompanyId", "b0"."CategoryId", "b0"."PinCode", "b0"."Pf", "b0"."BankId"
    FROM "BankEligibilityLines" AS "b0"
    WHERE NOT ("b0"."IsDeleted")
) AS "b1" ON "b"."Id" = "b1"."BankId"
WHERE NOT ("b"."IsDeleted")
ORDER BY "b"."BankName", "b"."Id"
2026-08-10 11:10:16.045 +05:30 [INF] Executed DbCommand (0ms) [Parameters=[], CommandType='"Text"', CommandTimeout='30']
SELECT "r"."Id", "r"."TargetMonth", "r"."UserId", "r"."TeamId", "r"."DisbAmt", "r"."LoginCount", "r"."DisbCount", "r"."CreatedAt", "r"."UpdatedAt"
FROM "ReportTargets" AS "r"
WHERE NOT ("r"."IsDeleted")
ORDER BY "r"."TargetMonth"
2026-08-10 11:10:16.052 +05:30 [INF] Executed DbCommand (0ms) [Parameters=[@p='?' (DbType = Int32)], CommandType='"Text"', CommandTimeout='30']
SELECT "a"."Id", "a"."LoanApplicationId", "a"."LoanFrontendId", "a"."Location", "a"."LoanType", "a"."SalesPerson", "a"."SalesTeam", "a"."AssignedToUserId", "a"."AssignedToUserName", "a"."AssignedByUserId", "a"."AssignedByName", "a"."Method", "a"."TieBreak", "a"."PreviousUserName", "a"."Reason", "a"."CandidatesJson", "a"."AssignedAt", "a"."CreatedAt"
FROM "AssignmentAuditLogs" AS "a"
ORDER BY "a"."AssignedAt" DESC
LIMIT @p
2026-08-10 11:10:16.054 +05:30 [INF] Executed DbCommand (0ms) [Parameters=[], CommandType='"Text"', CommandTimeout='30']
SELECT "r"."Id", "r"."Key", "r"."Label", "r"."SortOrder", "r"."CreatedAt", "r"."UpdatedAt"
FROM "RejectionReasons" AS "r"
WHERE NOT ("r"."IsDeleted")
ORDER BY "r"."SortOrder", "r"."Label"
2026-08-10 11:10:16.056 +05:30 [INF] Executed DbCommand (0ms) [Parameters=[], CommandType='"Text"', CommandTimeout='30']
SELECT "e"."TemplateKey", "e"."Subject", "e"."Body", "e"."UpdatedAt"
FROM "EmailTemplates" AS "e"
WHERE NOT ("e"."IsDeleted")
2026-08-10 11:10:16.058 +05:30 [INF] Executed DbCommand (0ms) [Parameters=[], CommandType='"Text"', CommandTimeout='30']
SELECT "p"."ProductKey", "p"."MatrixJson", "p"."UpdatedAt"
FROM "ProductOfferMatrices" AS "p"
WHERE NOT ("p"."IsDeleted")
2026-08-10 11:10:16.061 +05:30 [INF] Executing OkObjectResult, writing value of type 'LoanMS.Application.DTOs.ApiResponseDto`1[[System.Object, System.Private.CoreLib, Version=10.0.0.0, Culture=neutral, PublicKeyToken=7cec85d7bea7798e]]'.
2026-08-10 11:10:16.067 +05:30 [INF] Executing OkObjectResult, writing value of type 'LoanMS.Application.DTOs.ApiResponseDto`1[[System.Object, System.Private.CoreLib, Version=10.0.0.0, Culture=neutral, PublicKeyToken=7cec85d7bea7798e]]'.
2026-08-10 11:10:16.069 +05:30 [INF] Executing OkObjectResult, writing value of type 'LoanMS.Application.DTOs.ApiResponseDto`1[[System.Object, System.Private.CoreLib, Version=10.0.0.0, Culture=neutral, PublicKeyToken=7cec85d7bea7798e]]'.
2026-08-10 11:10:16.072 +05:30 [INF] Executing OkObjectResult, writing value of type 'LoanMS.Application.DTOs.ApiResponseDto`1[[System.Object, System.Private.CoreLib, Version=10.0.0.0, Culture=neutral, PublicKeyToken=7cec85d7bea7798e]]'.
2026-08-10 11:10:16.074 +05:30 [INF] Executing OkObjectResult, writing value of type 'LoanMS.Application.DTOs.ApiResponseDto`1[[System.Object, System.Private.CoreLib, Version=10.0.0.0, Culture=neutral, PublicKeyToken=7cec85d7bea7798e]]'.
2026-08-10 11:10:16.077 +05:30 [INF] Executing OkObjectResult, writing value of type 'LoanMS.Application.DTOs.ApiResponseDto`1[[System.Object, System.Private.CoreLib, Version=10.0.0.0, Culture=neutral, PublicKeyToken=7cec85d7bea7798e]]'.
2026-08-10 11:10:16.078 +05:30 [INF] Executed action LoanMS.API.Controllers.BanksController.GetAll (LoanMS.API) in 36.5541ms
2026-08-10 11:10:16.081 +05:30 [INF] Executed action LoanMS.API.Controllers.ReportTargetsController.GetAll (LoanMS.API) in 36.1747ms
2026-08-10 11:10:16.083 +05:30 [INF] Executed action LoanMS.API.Controllers.AssignmentAuditController.GetAll (LoanMS.API) in 33.4748ms
2026-08-10 11:10:16.085 +05:30 [INF] Executed action LoanMS.API.Controllers.RejectionReasonsController.GetAll (LoanMS.API) in 32.3116ms
2026-08-10 11:10:16.088 +05:30 [INF] Executed action LoanMS.API.Controllers.EmailTemplatesController.GetAll (LoanMS.API) in 32.3398ms
2026-08-10 11:10:16.090 +05:30 [INF] Executed action LoanMS.API.Controllers.ProductOfferMatrixController.GetAll (LoanMS.API) in 32.4118ms
2026-08-10 11:10:16.092 +05:30 [INF] Executed endpoint 'LoanMS.API.Controllers.BanksController.GetAll (LoanMS.API)'
2026-08-10 11:10:16.094 +05:30 [INF] Executed endpoint 'LoanMS.API.Controllers.ReportTargetsController.GetAll (LoanMS.API)'
2026-08-10 11:10:16.096 +05:30 [INF] Executed endpoint 'LoanMS.API.Controllers.AssignmentAuditController.GetAll (LoanMS.API)'
2026-08-10 11:10:16.099 +05:30 [INF] Executed endpoint 'LoanMS.API.Controllers.RejectionReasonsController.GetAll (LoanMS.API)'
2026-08-10 11:10:16.100 +05:30 [INF] Executed endpoint 'LoanMS.API.Controllers.EmailTemplatesController.GetAll (LoanMS.API)'
2026-08-10 11:10:16.102 +05:30 [INF] Executed endpoint 'LoanMS.API.Controllers.ProductOfferMatrixController.GetAll (LoanMS.API)'
2026-08-10 11:10:16.103 +05:30 [INF] HTTP GET /api/banks → 200 in 90.8ms
2026-08-10 11:10:16.104 +05:30 [INF] HTTP GET /api/report-targets → 200 in 86.3ms
2026-08-10 11:10:16.105 +05:30 [INF] HTTP GET /api/assignment-audit → 200 in 84.3ms
2026-08-10 11:10:16.106 +05:30 [INF] HTTP GET /api/rejectionreasons → 200 in 82.4ms
2026-08-10 11:10:16.107 +05:30 [INF] HTTP GET /api/emailtemplates → 200 in 80.4ms
2026-08-10 11:10:16.108 +05:30 [INF] HTTP GET /api/productoffermatrix → 200 in 77.2ms
2026-08-10 11:10:16.110 +05:30 [INF] Request finished HTTP/1.1 GET http://localhost:7070/api/banks - 200 53 application/json; charset=utf-8 119.3504ms
2026-08-10 11:10:16.113 +05:30 [INF] Request finished HTTP/1.1 GET http://localhost:7070/api/report-targets - 200 53 application/json; charset=utf-8 118.5ms
2026-08-10 11:10:16.115 +05:30 [INF] Request finished HTTP/1.1 GET http://localhost:7070/api/assignment-audit - 200 53 application/json; charset=utf-8 117.1369ms
2026-08-10 11:10:16.117 +05:30 [INF] Request finished HTTP/1.1 GET http://localhost:7070/api/rejectionreasons - 200 53 application/json; charset=utf-8 115.6248ms
2026-08-10 11:10:16.119 +05:30 [INF] Request finished HTTP/1.1 GET http://localhost:7070/api/emailtemplates - 200 53 application/json; charset=utf-8 113.9894ms
2026-08-10 11:10:16.121 +05:30 [INF] Request finished HTTP/1.1 GET http://localhost:7070/api/productoffermatrix - 200 53 application/json; charset=utf-8 112.5034ms
2026-08-10 11:10:16.124 +05:30 [INF] Request starting HTTP/1.1 GET http://localhost:7070/api/notifications - application/json null
2026-08-10 11:10:16.127 +05:30 [INF] Request starting HTTP/1.1 GET http://localhost:7070/api/reports/performance - application/json null
2026-08-10 11:10:16.131 +05:30 [INF] Request starting HTTP/1.1 GET http://localhost:7070/api/reports/pipeline - application/json null
2026-08-10 11:10:16.134 +05:30 [INF] Request starting HTTP/1.1 GET http://localhost:7070/api/reports/disbursement - application/json null
2026-08-10 11:10:16.144 +05:30 [INF] Executing endpoint 'LoanMS.API.Controllers.NotificationsController.GetNotifications (LoanMS.API)'
2026-08-10 11:10:16.147 +05:30 [INF] Executing endpoint 'LoanMS.API.Controllers.ReportsController.Performance (LoanMS.API)'
2026-08-10 11:10:16.149 +05:30 [INF] Executing endpoint 'LoanMS.API.Controllers.ReportsController.Pipeline (LoanMS.API)'
2026-08-10 11:10:16.151 +05:30 [INF] Executing endpoint 'LoanMS.API.Controllers.ReportsController.Disbursement (LoanMS.API)'
2026-08-10 11:10:16.152 +05:30 [INF] Route matched with {action = "GetNotifications", controller = "Notifications"}. Executing controller action with signature System.Threading.Tasks.Task`1[Microsoft.AspNetCore.Mvc.IActionResult] GetNotifications(Boolean) on controller LoanMS.API.Controllers.NotificationsController (LoanMS.API).
2026-08-10 11:10:16.154 +05:30 [INF] Route matched with {action = "Performance", controller = "Reports"}. Executing controller action with signature System.Threading.Tasks.Task`1[Microsoft.AspNetCore.Mvc.IActionResult] Performance(System.Nullable`1[System.DateTime], System.Nullable`1[System.DateTime]) on controller LoanMS.API.Controllers.ReportsController (LoanMS.API).
2026-08-10 11:10:16.154 +05:30 [INF] Route matched with {action = "Pipeline", controller = "Reports"}. Executing controller action with signature System.Threading.Tasks.Task`1[Microsoft.AspNetCore.Mvc.IActionResult] Pipeline(System.Nullable`1[System.DateTime], System.Nullable`1[System.DateTime]) on controller LoanMS.API.Controllers.ReportsController (LoanMS.API).
2026-08-10 11:10:16.155 +05:30 [INF] Route matched with {action = "Disbursement", controller = "Reports"}. Executing controller action with signature System.Threading.Tasks.Task`1[Microsoft.AspNetCore.Mvc.IActionResult] Disbursement(System.Nullable`1[System.DateTime], System.Nullable`1[System.DateTime]) on controller LoanMS.API.Controllers.ReportsController (LoanMS.API).
2026-08-10 11:10:16.157 +05:30 [INF] Executed DbCommand (0ms) [Parameters=[@role='?', @userId='?' (DbType = Int32), @p='?' (DbType = Int32)], CommandType='"Text"', CommandTimeout='30']
SELECT "a"."Id", "a"."Type", "a"."Icon", "a"."Message", "a"."ClaimId", "a"."Partner", "a"."Amount", "a"."TargetUserId", "a"."IsRead", "a"."CreatedAt"
FROM "AppNotifications" AS "a"
WHERE NOT ("a"."IsDeleted") AND (("a"."TargetRole" IS NULL AND "a"."TargetUserId" IS NULL) OR "a"."TargetRole" = @role OR "a"."TargetUserId" = @userId)
ORDER BY "a"."CreatedAt" DESC
LIMIT @p
2026-08-10 11:10:16.160 +05:30 [INF] Executed DbCommand (0ms) [Parameters=[], CommandType='"Text"', CommandTimeout='30']
SELECT "u0"."FullName" AS "SalesPerson", COUNT(*) AS "TotalApps", COUNT(CASE
    WHEN "l"."Status" = 'Disbursed' THEN 1
END) AS "Disbursed", COUNT(CASE
    WHEN "l"."Status" = 'Rejected' THEN 1
END) AS "Rejected", COALESCE(ef_sum("l"."RequestedAmount"), '0.0') AS "TotalAmount", COALESCE(ef_sum(CASE
    WHEN "l"."ApprovedAmount" IS NOT NULL THEN "l"."ApprovedAmount"
END), '0.0') AS "DisbursedAmount"
FROM "Loans" AS "l"
INNER JOIN (
    SELECT "u"."Id", "u"."FullName"
    FROM "Users" AS "u"
    WHERE NOT ("u"."IsDeleted")
) AS "u0" ON "l"."CreatedByUserId" = "u0"."Id"
WHERE NOT ("l"."IsDeleted")
GROUP BY "u0"."FullName"
2026-08-10 11:10:16.162 +05:30 [INF] Executed DbCommand (0ms) [Parameters=[], CommandType='"Text"', CommandTimeout='30']
SELECT CAST("l"."Status" AS TEXT) AS "Status", COUNT(*) AS "Count", COALESCE(ef_sum("l"."RequestedAmount"), '0.0') AS "Total"
FROM "Loans" AS "l"
WHERE NOT ("l"."IsDeleted")
GROUP BY "l"."Status"
2026-08-10 11:10:16.165 +05:30 [INF] Executed DbCommand (0ms) [Parameters=[], CommandType='"Text"', CommandTimeout='30']
SELECT "l"."LoanNumber", "c0"."FullName" AS "CustomerName", "l"."LoanType", "l"."ApprovedAmount", "l"."InterestRate", "l"."TenureMonths", "u0"."FullName" AS "SalesPerson", "l"."DisbursedAt"
FROM "Loans" AS "l"
INNER JOIN (
    SELECT "c"."Id", "c"."FullName"
    FROM "Customers" AS "c"
    WHERE NOT ("c"."IsDeleted")
) AS "c0" ON "l"."CustomerId" = "c0"."Id"
INNER JOIN (
    SELECT "u"."Id", "u"."FullName"
    FROM "Users" AS "u"
    WHERE NOT ("u"."IsDeleted")
) AS "u0" ON "l"."CreatedByUserId" = "u0"."Id"
WHERE NOT ("l"."IsDeleted") AND "l"."Status" = 'Disbursed'
2026-08-10 11:10:16.166 +05:30 [INF] Executing OkObjectResult, writing value of type 'LoanMS.Application.DTOs.ApiResponseDto`1[[System.Object, System.Private.CoreLib, Version=10.0.0.0, Culture=neutral, PublicKeyToken=7cec85d7bea7798e]]'.
2026-08-10 11:10:16.169 +05:30 [INF] Executing OkObjectResult, writing value of type 'LoanMS.Application.DTOs.ApiResponseDto`1[[System.Object, System.Private.CoreLib, Version=10.0.0.0, Culture=neutral, PublicKeyToken=7cec85d7bea7798e]]'.
2026-08-10 11:10:16.172 +05:30 [INF] Executing OkObjectResult, writing value of type 'LoanMS.Application.DTOs.ApiResponseDto`1[[System.Object, System.Private.CoreLib, Version=10.0.0.0, Culture=neutral, PublicKeyToken=7cec85d7bea7798e]]'.
2026-08-10 11:10:16.175 +05:30 [INF] Executing OkObjectResult, writing value of type 'LoanMS.Application.DTOs.ApiResponseDto`1[[System.Object, System.Private.CoreLib, Version=10.0.0.0, Culture=neutral, PublicKeyToken=7cec85d7bea7798e]]'.
2026-08-10 11:10:16.176 +05:30 [INF] Executed action LoanMS.API.Controllers.NotificationsController.GetNotifications (LoanMS.API) in 19.5227ms
2026-08-10 11:10:16.177 +05:30 [INF] Executed action LoanMS.API.Controllers.ReportsController.Performance (LoanMS.API) in 18.2103ms
2026-08-10 11:10:16.180 +05:30 [INF] Executed action LoanMS.API.Controllers.ReportsController.Pipeline (LoanMS.API) in 18.4623ms
2026-08-10 11:10:16.182 +05:30 [INF] Executed action LoanMS.API.Controllers.ReportsController.Disbursement (LoanMS.API) in 17.72ms
2026-08-10 11:10:16.183 +05:30 [INF] Executed endpoint 'LoanMS.API.Controllers.NotificationsController.GetNotifications (LoanMS.API)'
2026-08-10 11:10:16.185 +05:30 [INF] Executed endpoint 'LoanMS.API.Controllers.ReportsController.Performance (LoanMS.API)'
2026-08-10 11:10:16.186 +05:30 [INF] Executed endpoint 'LoanMS.API.Controllers.ReportsController.Pipeline (LoanMS.API)'
2026-08-10 11:10:16.187 +05:30 [INF] Executed endpoint 'LoanMS.API.Controllers.ReportsController.Disbursement (LoanMS.API)'
2026-08-10 11:10:16.188 +05:30 [INF] HTTP GET /api/notifications → 200 in 44.8ms
2026-08-10 11:10:16.189 +05:30 [INF] HTTP GET /api/reports/performance → 200 in 42.3ms
2026-08-10 11:10:16.190 +05:30 [INF] HTTP GET /api/reports/pipeline → 200 in 41.1ms
2026-08-10 11:10:16.191 +05:30 [INF] HTTP GET /api/reports/disbursement → 200 in 39.6ms
2026-08-10 11:10:16.193 +05:30 [INF] Request finished HTTP/1.1 GET http://localhost:7070/api/notifications - 200 53 application/json; charset=utf-8 69.1153ms
2026-08-10 11:10:16.195 +05:30 [INF] Request finished HTTP/1.1 GET http://localhost:7070/api/reports/performance - 200 53 application/json; charset=utf-8 67.7811ms
2026-08-10 11:10:16.197 +05:30 [INF] Request finished HTTP/1.1 GET http://localhost:7070/api/reports/pipeline - 200 53 application/json; charset=utf-8 65.2638ms
2026-08-10 11:10:16.198 +05:30 [INF] Request finished HTTP/1.1 GET http://localhost:7070/api/reports/disbursement - 200 53 application/json; charset=utf-8 63.8099ms
2026-08-10 11:10:19.017 +05:30 [INF] Request starting HTTP/1.1 GET http://localhost:7070/api/expertexport/access - application/json null
2026-08-10 11:10:19.033 +05:30 [INF] Executing endpoint 'LoanMS.API.Controllers.ExpertExportController.GetAccess (LoanMS.API)'
2026-08-10 11:10:19.036 +05:30 [INF] Route matched with {action = "GetAccess", controller = "ExpertExport"}. Executing controller action with signature System.Threading.Tasks.Task`1[Microsoft.AspNetCore.Mvc.IActionResult] GetAccess() on controller LoanMS.API.Controllers.ExpertExportController (LoanMS.API).
2026-08-10 11:10:19.050 +05:30 [INF] Executed DbCommand (0ms) [Parameters=[], CommandType='"Text"', CommandTimeout='30']
SELECT "a"."Value"
FROM "AppSettings" AS "a"
WHERE NOT ("a"."IsDeleted") AND "a"."Key" = 'expert_export_roles' AND NOT ("a"."IsDeleted")
LIMIT 1
2026-08-10 11:10:19.069 +05:30 [INF] Executed DbCommand (0ms) [Parameters=[], CommandType='"Text"', CommandTimeout='30']
SELECT "a"."Value"
FROM "AppSettings" AS "a"
WHERE NOT ("a"."IsDeleted") AND "a"."Key" = 'expert_export_users' AND NOT ("a"."IsDeleted")
LIMIT 1
2026-08-10 11:10:19.085 +05:30 [INF] Executing OkObjectResult, writing value of type '<>f__AnonymousType41`1[[System.Boolean, System.Private.CoreLib, Version=10.0.0.0, Culture=neutral, PublicKeyToken=7cec85d7bea7798e]]'.
2026-08-10 11:10:19.093 +05:30 [INF] Executed action LoanMS.API.Controllers.ExpertExportController.GetAccess (LoanMS.API) in 45.0396ms
2026-08-10 11:10:19.100 +05:30 [INF] Executed endpoint 'LoanMS.API.Controllers.ExpertExportController.GetAccess (LoanMS.API)'
2026-08-10 11:10:19.106 +05:30 [INF] HTTP GET /api/expertexport/access → 200 in 74.6ms
2026-08-10 11:10:19.112 +05:30 [INF] Request finished HTTP/1.1 GET http://localhost:7070/api/expertexport/access - 200 17 application/json; charset=utf-8 94.7175ms
2026-08-10 11:10:20.628 +05:30 [INF] Request starting HTTP/1.1 GET http://localhost:7070/api/loans/bulk?pageSize=500 - application/json null
2026-08-10 11:10:20.632 +05:30 [INF] Request starting HTTP/1.1 GET http://localhost:7070/api/users - application/json null
2026-08-10 11:10:20.633 +05:30 [INF] Request starting HTTP/1.1 GET http://localhost:7070/api/teams - application/json null
2026-08-10 11:10:20.634 +05:30 [INF] Request starting HTTP/1.1 GET http://localhost:7070/api/tasks - application/json null
2026-08-10 11:10:20.635 +05:30 [INF] Request starting HTTP/1.1 GET http://localhost:7070/api/tickets - application/json null
2026-08-10 11:10:20.635 +05:30 [INF] Request starting HTTP/1.1 GET http://localhost:7070/api/incred/rm - application/json null
2026-08-10 11:10:20.644 +05:30 [INF] Executing endpoint 'LoanMS.API.Controllers.LoansController.GetBulk (LoanMS.API)'
2026-08-10 11:10:20.656 +05:30 [INF] Executing endpoint 'LoanMS.API.Controllers.UsersController.GetAll (LoanMS.API)'
2026-08-10 11:10:20.669 +05:30 [INF] Executing endpoint 'LoanMS.API.Controllers.TeamsController.GetAll (LoanMS.API)'
2026-08-10 11:10:20.681 +05:30 [INF] Executing endpoint 'LoanMS.API.Controllers.TasksController.GetAll (LoanMS.API)'
2026-08-10 11:10:20.688 +05:30 [INF] Executing endpoint 'LoanMS.API.Controllers.TicketsController.GetAll (LoanMS.API)'
2026-08-10 11:10:20.696 +05:30 [INF] Executing endpoint 'LoanMS.API.Controllers.IncredController.GetRmEmails (LoanMS.API)'
2026-08-10 11:10:20.698 +05:30 [INF] Route matched with {action = "GetBulk", controller = "Loans"}. Executing controller action with signature System.Threading.Tasks.Task`1[Microsoft.AspNetCore.Mvc.IActionResult] GetBulk(Int32) on controller LoanMS.API.Controllers.LoansController (LoanMS.API).
2026-08-10 11:10:20.700 +05:30 [INF] Route matched with {action = "GetAll", controller = "Users"}. Executing controller action with signature System.Threading.Tasks.Task`1[Microsoft.AspNetCore.Mvc.IActionResult] GetAll() on controller LoanMS.API.Controllers.UsersController (LoanMS.API).
2026-08-10 11:10:20.703 +05:30 [INF] Route matched with {action = "GetAll", controller = "Teams"}. Executing controller action with signature System.Threading.Tasks.Task`1[Microsoft.AspNetCore.Mvc.IActionResult] GetAll(System.String) on controller LoanMS.API.Controllers.TeamsController (LoanMS.API).
2026-08-10 11:10:20.705 +05:30 [INF] Route matched with {action = "GetAll", controller = "Tasks"}. Executing controller action with signature System.Threading.Tasks.Task`1[Microsoft.AspNetCore.Mvc.IActionResult] GetAll(System.Nullable`1[System.Int32], System.Nullable`1[System.Boolean]) on controller LoanMS.API.Controllers.TasksController (LoanMS.API).
2026-08-10 11:10:20.707 +05:30 [INF] Route matched with {action = "GetAll", controller = "Tickets"}. Executing controller action with signature System.Threading.Tasks.Task`1[Microsoft.AspNetCore.Mvc.IActionResult] GetAll(System.String) on controller LoanMS.API.Controllers.TicketsController (LoanMS.API).
2026-08-10 11:10:20.709 +05:30 [INF] Route matched with {action = "GetRmEmails", controller = "Incred"}. Executing controller action with signature System.Threading.Tasks.Task`1[Microsoft.AspNetCore.Mvc.IActionResult] GetRmEmails() on controller LoanMS.API.Controllers.IncredController (LoanMS.API).
2026-08-10 11:10:20.712 +05:30 [INF] Executed DbCommand (0ms) [Parameters=[], CommandType='"Text"', CommandTimeout='30']
SELECT COUNT(*)
FROM "Loans" AS "l"
WHERE 0
2026-08-10 11:10:20.714 +05:30 [INF] Executed DbCommand (0ms) [Parameters=[], CommandType='"Text"', CommandTimeout='30']
SELECT "u"."Id", "u"."CreatedAt", "u"."Email", "u"."FailedLoginAttempts", "u"."FullName", "u"."IsActive", "u"."IsDeleted", "u"."LocationId", "u"."LocationName", "u"."LockedUntil", "u"."MustChangePassword", "u"."OpTeam", "u"."PasswordHash", "u"."PhoneNumber", "u"."PhotoData", "u"."RefreshToken", "u"."RefreshTokenExpiry", "u"."Role", "u"."SalesTeam", "u"."UpdatedAt"
FROM "Users" AS "u"
WHERE NOT ("u"."IsDeleted") AND "u"."IsActive"
ORDER BY "u"."FullName"
2026-08-10 11:10:20.717 +05:30 [INF] Executed DbCommand (0ms) [Parameters=[], CommandType='"Text"', CommandTimeout='30']
SELECT "t"."Id", "t"."Name", "t"."Type", "t"."LocationId", "u0"."FullName", "u0"."Id", "s"."UserId", "s"."FullName", "s"."Email", "s"."Id", "s"."Id0"
FROM "Teams" AS "t"
LEFT JOIN (
    SELECT "u"."Id", "u"."FullName"
    FROM "Users" AS "u"
    WHERE NOT ("u"."IsDeleted")
) AS "u0" ON "t"."TeamLeadUserId" = "u0"."Id"
LEFT JOIN (
    SELECT "t0"."UserId", "u2"."FullName", "u2"."Email", "t0"."Id", "u2"."Id" AS "Id0", "t0"."TeamId"
    FROM "TeamMembers" AS "t0"
    INNER JOIN (
        SELECT "u1"."Id", "u1"."Email", "u1"."FullName"
        FROM "Users" AS "u1"
        WHERE NOT ("u1"."IsDeleted")
    ) AS "u2" ON "t0"."UserId" = "u2"."Id"
    WHERE NOT ("t0"."IsDeleted")
) AS "s" ON "t"."Id" = "s"."TeamId"
WHERE NOT ("t"."IsDeleted")
ORDER BY "t"."Id", "u0"."Id", "s"."Id"
2026-08-10 11:10:20.719 +05:30 [INF] Executed DbCommand (0ms) [Parameters=[@CurrentUserId='?' (DbType = Int32)], CommandType='"Text"', CommandTimeout='30']
SELECT "t"."Id", "t"."Title", "t"."Description", "t"."Priority", "t"."IsCompleted", "t"."DueDate", "t"."LoanId", "u0"."FullName" AS "AssignedTo", "u2"."FullName" AS "CreatedBy", "t"."CreatedAt"
FROM "Tasks" AS "t"
INNER JOIN (
    SELECT "u"."Id", "u"."FullName"
    FROM "Users" AS "u"
    WHERE NOT ("u"."IsDeleted")
) AS "u0" ON "t"."AssignedToUserId" = "u0"."Id"
INNER JOIN (
    SELECT "u1"."Id", "u1"."FullName"
    FROM "Users" AS "u1"
    WHERE NOT ("u1"."IsDeleted")
) AS "u2" ON "t"."CreatedByUserId" = "u2"."Id"
WHERE NOT ("t"."IsDeleted") AND ("t"."AssignedToUserId" = @CurrentUserId OR "t"."CreatedByUserId" = @CurrentUserId)
ORDER BY "t"."CreatedAt" DESC
2026-08-10 11:10:20.722 +05:30 [INF] Executed DbCommand (0ms) [Parameters=[], CommandType='"Text"', CommandTimeout='30']
SELECT "t"."Id", "t"."Title", "t"."Description", "t"."Status", "t"."Priority", "t"."LoanId", "u0"."FullName" AS "CreatedBy", "u2"."FullName" AS "AssignedTo", "t"."AssignedToUserId", "t"."CreatedAt", "t"."UpdatedAt", "t"."ClosedAt"
FROM "Tickets" AS "t"
INNER JOIN (
    SELECT "u"."Id", "u"."FullName"
    FROM "Users" AS "u"
    WHERE NOT ("u"."IsDeleted")
) AS "u0" ON "t"."CreatedByUserId" = "u0"."Id"
LEFT JOIN (
    SELECT "u1"."Id", "u1"."FullName"
    FROM "Users" AS "u1"
    WHERE NOT ("u1"."IsDeleted")
) AS "u2" ON "t"."AssignedToUserId" = "u2"."Id"
WHERE NOT ("t"."IsDeleted")
ORDER BY "t"."CreatedAt" DESC
2026-08-10 11:10:20.724 +05:30 [INF] Executed DbCommand (0ms) [Parameters=[], CommandType='"Text"', CommandTimeout='30']
SELECT "i"."Id", "i"."Name", "i"."Location", "i"."Email", "i"."ContactNo", "i"."CreatedAt", "i"."UpdatedAt"
FROM "IncredRmEmails" AS "i"
WHERE NOT ("i"."IsDeleted")
ORDER BY "i"."Name"
2026-08-10 11:10:20.727 +05:30 [INF] Executed DbCommand (1ms) [Parameters=[@p0='?' (DbType = Int32), @p='?' (DbType = Int32)], CommandType='"Text"', CommandTimeout='30']
SELECT "l0"."Id", "l0"."LoanNumber", CAST("l0"."LoanType" AS TEXT) AS "LoanType", CAST("l0"."Status" AS TEXT) AS "Status", "l0"."RequestedAmount", "l0"."ApprovedAmount", "l0"."InterestRate", "l0"."TenureMonths", "c0"."FullName" AS "CustomerName", "c0"."Phone" AS "CustomerPhone", "u0"."FullName" AS "CreatedByName", "u2"."FullName" AS "AssignedToName", "u4"."FullName" AS "LoginUserName", (
    SELECT "b"."RiskGrade"
    FROM "BureauReports" AS "b"
    WHERE "b"."CustomerId" = "l0"."CustomerId"
    ORDER BY "b"."ScoreGeneratedDate" DESC
    LIMIT 1) AS "RiskGrade", "l0"."CreatedAt"
FROM (
    SELECT "l"."Id", "l"."ApprovedAmount", "l"."AssignedToUserId", "l"."CreatedAt", "l"."CreatedByUserId", "l"."CustomerId", "l"."InterestRate", "l"."LoanNumber", "l"."LoanType", "l"."LoginUserId", "l"."RequestedAmount", "l"."Status", "l"."TenureMonths"
    FROM "Loans" AS "l"
    WHERE 0
    ORDER BY "l"."CreatedAt" DESC
    LIMIT @p0 OFFSET @p
) AS "l0"
INNER JOIN (
    SELECT "c"."Id", "c"."FullName", "c"."Phone"
    FROM "Customers" AS "c"
    WHERE NOT ("c"."IsDeleted")
) AS "c0" ON "l0"."CustomerId" = "c0"."Id"
INNER JOIN (
    SELECT "u"."Id", "u"."FullName"
    FROM "Users" AS "u"
    WHERE NOT ("u"."IsDeleted")
) AS "u0" ON "l0"."CreatedByUserId" = "u0"."Id"
LEFT JOIN (
    SELECT "u1"."Id", "u1"."FullName"
    FROM "Users" AS "u1"
    WHERE NOT ("u1"."IsDeleted")
) AS "u2" ON "l0"."AssignedToUserId" = "u2"."Id"
LEFT JOIN (
    SELECT "u3"."Id", "u3"."FullName"
    FROM "Users" AS "u3"
    WHERE NOT ("u3"."IsDeleted")
) AS "u4" ON "l0"."LoginUserId" = "u4"."Id"
ORDER BY "l0"."CreatedAt" DESC
2026-08-10 11:10:20.729 +05:30 [INF] Executing OkObjectResult, writing value of type 'LoanMS.Application.DTOs.ApiResponseDto`1[[System.Collections.Generic.IEnumerable`1[[LoanMS.Application.DTOs.UserDto, LoanMS.Application, Version=1.0.0.0, Culture=neutral, PublicKeyToken=null]], System.Private.CoreLib, Version=10.0.0.0, Culture=neutral, PublicKeyToken=7cec85d7bea7798e]]'.
2026-08-10 11:10:20.731 +05:30 [INF] Executing OkObjectResult, writing value of type 'LoanMS.Application.DTOs.ApiResponseDto`1[[System.Object, System.Private.CoreLib, Version=10.0.0.0, Culture=neutral, PublicKeyToken=7cec85d7bea7798e]]'.
2026-08-10 11:10:20.734 +05:30 [INF] Executing OkObjectResult, writing value of type 'LoanMS.Application.DTOs.ApiResponseDto`1[[System.Object, System.Private.CoreLib, Version=10.0.0.0, Culture=neutral, PublicKeyToken=7cec85d7bea7798e]]'.
2026-08-10 11:10:20.736 +05:30 [INF] Executing OkObjectResult, writing value of type 'LoanMS.Application.DTOs.ApiResponseDto`1[[System.Object, System.Private.CoreLib, Version=10.0.0.0, Culture=neutral, PublicKeyToken=7cec85d7bea7798e]]'.
2026-08-10 11:10:20.739 +05:30 [INF] Executing OkObjectResult, writing value of type 'LoanMS.Application.DTOs.ApiResponseDto`1[[System.Object, System.Private.CoreLib, Version=10.0.0.0, Culture=neutral, PublicKeyToken=7cec85d7bea7798e]]'.
2026-08-10 11:10:20.743 +05:30 [INF] Executing OkObjectResult, writing value of type 'LoanMS.Application.DTOs.ApiResponseDto`1[[LoanMS.Application.DTOs.PagedResultDto`1[[LoanMS.Application.DTOs.LoanListDto, LoanMS.Application, Version=1.0.0.0, Culture=neutral, PublicKeyToken=null]], LoanMS.Application, Version=1.0.0.0, Culture=neutral, PublicKeyToken=null]]'.
2026-08-10 11:10:20.803 +05:30 [INF] Executed action LoanMS.API.Controllers.UsersController.GetAll (LoanMS.API) in 89.0198ms
2026-08-10 11:10:20.805 +05:30 [INF] Executed action LoanMS.API.Controllers.TeamsController.GetAll (LoanMS.API) in 88.5568ms
2026-08-10 11:10:20.808 +05:30 [INF] Executed action LoanMS.API.Controllers.TasksController.GetAll (LoanMS.API) in 89.8947ms
2026-08-10 11:10:20.811 +05:30 [INF] Executed action LoanMS.API.Controllers.TicketsController.GetAll (LoanMS.API) in 90.5296ms
2026-08-10 11:10:20.813 +05:30 [INF] Executed action LoanMS.API.Controllers.IncredController.GetRmEmails (LoanMS.API) in 90.0168ms
2026-08-10 11:10:20.815 +05:30 [INF] Executed action LoanMS.API.Controllers.LoansController.GetBulk (LoanMS.API) in 104.727ms
2026-08-10 11:10:20.818 +05:30 [INF] Executed endpoint 'LoanMS.API.Controllers.UsersController.GetAll (LoanMS.API)'
2026-08-10 11:10:20.820 +05:30 [INF] Executed endpoint 'LoanMS.API.Controllers.TeamsController.GetAll (LoanMS.API)'
2026-08-10 11:10:20.822 +05:30 [INF] Executed endpoint 'LoanMS.API.Controllers.TasksController.GetAll (LoanMS.API)'
2026-08-10 11:10:20.830 +05:30 [INF] Executed endpoint 'LoanMS.API.Controllers.TicketsController.GetAll (LoanMS.API)'
2026-08-10 11:10:20.832 +05:30 [INF] Executed endpoint 'LoanMS.API.Controllers.IncredController.GetRmEmails (LoanMS.API)'
2026-08-10 11:10:20.834 +05:30 [INF] Executed endpoint 'LoanMS.API.Controllers.LoansController.GetBulk (LoanMS.API)'
2026-08-10 11:10:20.835 +05:30 [INF] HTTP GET /api/users → 200 in 179.1ms
2026-08-10 11:10:20.837 +05:30 [INF] HTTP GET /api/teams → 200 in 167.7ms
2026-08-10 11:10:20.839 +05:30 [INF] HTTP GET /api/tasks → 200 in 158.6ms
2026-08-10 11:10:20.842 +05:30 [INF] HTTP GET /api/tickets → 200 in 153.7ms
2026-08-10 11:10:20.844 +05:30 [INF] HTTP GET /api/incred/rm → 200 in 148.0ms
2026-08-10 11:10:20.845 +05:30 [INF] HTTP GET /api/loans/bulk → 200 in 202.4ms
2026-08-10 11:10:20.847 +05:30 [INF] Request finished HTTP/1.1 GET http://localhost:7070/api/users - 200 720 application/json; charset=utf-8 215.6047ms
2026-08-10 11:10:20.849 +05:30 [INF] Request finished HTTP/1.1 GET http://localhost:7070/api/teams - 200 53 application/json; charset=utf-8 215.8588ms
2026-08-10 11:10:20.850 +05:30 [INF] Request finished HTTP/1.1 GET http://localhost:7070/api/tasks - 200 53 application/json; charset=utf-8 216.5342ms
2026-08-10 11:10:20.852 +05:30 [INF] Request finished HTTP/1.1 GET http://localhost:7070/api/tickets - 200 53 application/json; charset=utf-8 217.3197ms
2026-08-10 11:10:20.853 +05:30 [INF] Request finished HTTP/1.1 GET http://localhost:7070/api/incred/rm - 200 53 application/json; charset=utf-8 218.4543ms
2026-08-10 11:10:20.855 +05:30 [INF] Request finished HTTP/1.1 GET http://localhost:7070/api/loans/bulk?pageSize=500 - 200 148 application/json; charset=utf-8 226.5386ms
2026-08-10 11:10:20.859 +05:30 [INF] Request starting HTTP/1.1 GET http://localhost:7070/api/banks - application/json null
2026-08-10 11:10:20.862 +05:30 [INF] Request starting HTTP/1.1 GET http://localhost:7070/api/report-targets - application/json null
2026-08-10 11:10:20.865 +05:30 [INF] Request starting HTTP/1.1 GET http://localhost:7070/api/assignment-audit - application/json null
2026-08-10 11:10:20.868 +05:30 [INF] Request starting HTTP/1.1 GET http://localhost:7070/api/rejectionreasons - application/json null
2026-08-10 11:10:20.871 +05:30 [INF] Request starting HTTP/1.1 GET http://localhost:7070/api/emailtemplates - application/json null
2026-08-10 11:10:20.874 +05:30 [INF] Request starting HTTP/1.1 GET http://localhost:7070/api/productoffermatrix - application/json null
2026-08-10 11:10:20.876 +05:30 [INF] Executing endpoint 'LoanMS.API.Controllers.BanksController.GetAll (LoanMS.API)'
2026-08-10 11:10:20.880 +05:30 [INF] Executing endpoint 'LoanMS.API.Controllers.ReportTargetsController.GetAll (LoanMS.API)'
2026-08-10 11:10:20.882 +05:30 [INF] Executing endpoint 'LoanMS.API.Controllers.AssignmentAuditController.GetAll (LoanMS.API)'
2026-08-10 11:10:20.885 +05:30 [INF] Executing endpoint 'LoanMS.API.Controllers.RejectionReasonsController.GetAll (LoanMS.API)'
2026-08-10 11:10:20.887 +05:30 [INF] Executing endpoint 'LoanMS.API.Controllers.EmailTemplatesController.GetAll (LoanMS.API)'
2026-08-10 11:10:20.890 +05:30 [INF] Executing endpoint 'LoanMS.API.Controllers.ProductOfferMatrixController.GetAll (LoanMS.API)'
2026-08-10 11:10:20.891 +05:30 [INF] Route matched with {action = "GetAll", controller = "Banks"}. Executing controller action with signature System.Threading.Tasks.Task`1[Microsoft.AspNetCore.Mvc.IActionResult] GetAll() on controller LoanMS.API.Controllers.BanksController (LoanMS.API).
2026-08-10 11:10:20.892 +05:30 [INF] Route matched with {action = "GetAll", controller = "ReportTargets"}. Executing controller action with signature System.Threading.Tasks.Task`1[Microsoft.AspNetCore.Mvc.IActionResult] GetAll() on controller LoanMS.API.Controllers.ReportTargetsController (LoanMS.API).
2026-08-10 11:10:20.893 +05:30 [INF] Route matched with {action = "GetAll", controller = "AssignmentAudit"}. Executing controller action with signature System.Threading.Tasks.Task`1[Microsoft.AspNetCore.Mvc.IActionResult] GetAll(System.String, Int32) on controller LoanMS.API.Controllers.AssignmentAuditController (LoanMS.API).
2026-08-10 11:10:20.895 +05:30 [INF] Route matched with {action = "GetAll", controller = "RejectionReasons"}. Executing controller action with signature System.Threading.Tasks.Task`1[Microsoft.AspNetCore.Mvc.IActionResult] GetAll() on controller LoanMS.API.Controllers.RejectionReasonsController (LoanMS.API).
2026-08-10 11:10:20.897 +05:30 [INF] Route matched with {action = "GetAll", controller = "EmailTemplates"}. Executing controller action with signature System.Threading.Tasks.Task`1[Microsoft.AspNetCore.Mvc.IActionResult] GetAll() on controller LoanMS.API.Controllers.EmailTemplatesController (LoanMS.API).
2026-08-10 11:10:20.898 +05:30 [INF] Route matched with {action = "GetAll", controller = "ProductOfferMatrix"}. Executing controller action with signature System.Threading.Tasks.Task`1[Microsoft.AspNetCore.Mvc.IActionResult] GetAll() on controller LoanMS.API.Controllers.ProductOfferMatrixController (LoanMS.API).
2026-08-10 11:10:20.900 +05:30 [INF] Executed DbCommand (0ms) [Parameters=[], CommandType='"Text"', CommandTimeout='30']
SELECT "b"."Id", "b"."BankName", "b"."IfscPrefix", "b"."EmpCode", "b"."Location", "b"."RmName", "b"."RmMobile", "b"."Email", "b"."Remarks", "b"."IsActive", "b"."CreatedAt", "b"."UpdatedAt", "b"."IsIncred", "b"."IsElite", "b"."MinCibil", "b"."AcceptNtc", "b"."MaxLoanAmt", "b"."MinTenure", "b"."MaxTenure", "b"."FoirLimit", "b"."PfRequired", "b"."MinAge", "b"."MaxAge", "b"."MinExpMonths", "b"."EmpTypesJson", "b"."CompTypesJson", "b1"."Id", "b1"."CompanyId", "b1"."CategoryId", "b1"."PinCode", "b1"."Pf"
FROM "Banks" AS "b"
LEFT JOIN (
    SELECT "b0"."Id", "b0"."CompanyId", "b0"."CategoryId", "b0"."PinCode", "b0"."Pf", "b0"."BankId"
    FROM "BankEligibilityLines" AS "b0"
    WHERE NOT ("b0"."IsDeleted")
) AS "b1" ON "b"."Id" = "b1"."BankId"
WHERE NOT ("b"."IsDeleted")
ORDER BY "b"."BankName", "b"."Id"
2026-08-10 11:10:20.902 +05:30 [INF] Executed DbCommand (0ms) [Parameters=[], CommandType='"Text"', CommandTimeout='30']
SELECT "r"."Id", "r"."TargetMonth", "r"."UserId", "r"."TeamId", "r"."DisbAmt", "r"."LoginCount", "r"."DisbCount", "r"."CreatedAt", "r"."UpdatedAt"
FROM "ReportTargets" AS "r"
WHERE NOT ("r"."IsDeleted")
ORDER BY "r"."TargetMonth"
2026-08-10 11:10:20.904 +05:30 [INF] Executed DbCommand (0ms) [Parameters=[@p='?' (DbType = Int32)], CommandType='"Text"', CommandTimeout='30']
SELECT "a"."Id", "a"."LoanApplicationId", "a"."LoanFrontendId", "a"."Location", "a"."LoanType", "a"."SalesPerson", "a"."SalesTeam", "a"."AssignedToUserId", "a"."AssignedToUserName", "a"."AssignedByUserId", "a"."AssignedByName", "a"."Method", "a"."TieBreak", "a"."PreviousUserName", "a"."Reason", "a"."CandidatesJson", "a"."AssignedAt", "a"."CreatedAt"
FROM "AssignmentAuditLogs" AS "a"
ORDER BY "a"."AssignedAt" DESC
LIMIT @p
2026-08-10 11:10:20.906 +05:30 [INF] Executed DbCommand (0ms) [Parameters=[], CommandType='"Text"', CommandTimeout='30']
SELECT "r"."Id", "r"."Key", "r"."Label", "r"."SortOrder", "r"."CreatedAt", "r"."UpdatedAt"
FROM "RejectionReasons" AS "r"
WHERE NOT ("r"."IsDeleted")
ORDER BY "r"."SortOrder", "r"."Label"
2026-08-10 11:10:20.908 +05:30 [INF] Executed DbCommand (0ms) [Parameters=[], CommandType='"Text"', CommandTimeout='30']
SELECT "e"."TemplateKey", "e"."Subject", "e"."Body", "e"."UpdatedAt"
FROM "EmailTemplates" AS "e"
WHERE NOT ("e"."IsDeleted")
2026-08-10 11:10:20.910 +05:30 [INF] Executed DbCommand (0ms) [Parameters=[], CommandType='"Text"', CommandTimeout='30']
SELECT "p"."ProductKey", "p"."MatrixJson", "p"."UpdatedAt"
FROM "ProductOfferMatrices" AS "p"
WHERE NOT ("p"."IsDeleted")
2026-08-10 11:10:20.913 +05:30 [INF] Executing OkObjectResult, writing value of type 'LoanMS.Application.DTOs.ApiResponseDto`1[[System.Object, System.Private.CoreLib, Version=10.0.0.0, Culture=neutral, PublicKeyToken=7cec85d7bea7798e]]'.
2026-08-10 11:10:20.916 +05:30 [INF] Executing OkObjectResult, writing value of type 'LoanMS.Application.DTOs.ApiResponseDto`1[[System.Object, System.Private.CoreLib, Version=10.0.0.0, Culture=neutral, PublicKeyToken=7cec85d7bea7798e]]'.
2026-08-10 11:10:20.919 +05:30 [INF] Executing OkObjectResult, writing value of type 'LoanMS.Application.DTOs.ApiResponseDto`1[[System.Object, System.Private.CoreLib, Version=10.0.0.0, Culture=neutral, PublicKeyToken=7cec85d7bea7798e]]'.
2026-08-10 11:10:20.921 +05:30 [INF] Executing OkObjectResult, writing value of type 'LoanMS.Application.DTOs.ApiResponseDto`1[[System.Object, System.Private.CoreLib, Version=10.0.0.0, Culture=neutral, PublicKeyToken=7cec85d7bea7798e]]'.
2026-08-10 11:10:20.923 +05:30 [INF] Executing OkObjectResult, writing value of type 'LoanMS.Application.DTOs.ApiResponseDto`1[[System.Object, System.Private.CoreLib, Version=10.0.0.0, Culture=neutral, PublicKeyToken=7cec85d7bea7798e]]'.
2026-08-10 11:10:20.925 +05:30 [INF] Executing OkObjectResult, writing value of type 'LoanMS.Application.DTOs.ApiResponseDto`1[[System.Object, System.Private.CoreLib, Version=10.0.0.0, Culture=neutral, PublicKeyToken=7cec85d7bea7798e]]'.
2026-08-10 11:10:20.926 +05:30 [INF] Executed action LoanMS.API.Controllers.BanksController.GetAll (LoanMS.API) in 27.0284ms
2026-08-10 11:10:20.929 +05:30 [INF] Executed action LoanMS.API.Controllers.ReportTargetsController.GetAll (LoanMS.API) in 27.6328ms
2026-08-10 11:10:20.931 +05:30 [INF] Executed action LoanMS.API.Controllers.AssignmentAuditController.GetAll (LoanMS.API) in 28.0491ms
2026-08-10 11:10:20.932 +05:30 [INF] Executed action LoanMS.API.Controllers.RejectionReasonsController.GetAll (LoanMS.API) in 27.0786ms
2026-08-10 11:10:20.934 +05:30 [INF] Executed action LoanMS.API.Controllers.EmailTemplatesController.GetAll (LoanMS.API) in 27.0214ms
2026-08-10 11:10:20.936 +05:30 [INF] Executed action LoanMS.API.Controllers.ProductOfferMatrixController.GetAll (LoanMS.API) in 26.6859ms
2026-08-10 11:10:20.938 +05:30 [INF] Executed endpoint 'LoanMS.API.Controllers.BanksController.GetAll (LoanMS.API)'
2026-08-10 11:10:20.940 +05:30 [INF] Executed endpoint 'LoanMS.API.Controllers.ReportTargetsController.GetAll (LoanMS.API)'
2026-08-10 11:10:20.941 +05:30 [INF] Executed endpoint 'LoanMS.API.Controllers.AssignmentAuditController.GetAll (LoanMS.API)'
2026-08-10 11:10:20.942 +05:30 [INF] Executed endpoint 'LoanMS.API.Controllers.RejectionReasonsController.GetAll (LoanMS.API)'
2026-08-10 11:10:20.944 +05:30 [INF] Executed endpoint 'LoanMS.API.Controllers.EmailTemplatesController.GetAll (LoanMS.API)'
2026-08-10 11:10:20.946 +05:30 [INF] Executed endpoint 'LoanMS.API.Controllers.ProductOfferMatrixController.GetAll (LoanMS.API)'
2026-08-10 11:10:20.947 +05:30 [INF] HTTP GET /api/banks → 200 in 70.5ms
2026-08-10 11:10:20.948 +05:30 [INF] HTTP GET /api/report-targets → 200 in 67.4ms
2026-08-10 11:10:20.948 +05:30 [INF] HTTP GET /api/assignment-audit → 200 in 66.1ms
2026-08-10 11:10:20.949 +05:30 [INF] HTTP GET /api/rejectionreasons → 200 in 64.6ms
2026-08-10 11:10:20.951 +05:30 [INF] HTTP GET /api/emailtemplates → 200 in 63.4ms
2026-08-10 11:10:20.952 +05:30 [INF] HTTP GET /api/productoffermatrix → 200 in 61.7ms
2026-08-10 11:10:20.953 +05:30 [INF] Request finished HTTP/1.1 GET http://localhost:7070/api/banks - 200 53 application/json; charset=utf-8 94.5909ms
2026-08-10 11:10:20.955 +05:30 [INF] Request finished HTTP/1.1 GET http://localhost:7070/api/report-targets - 200 53 application/json; charset=utf-8 92.935ms
2026-08-10 11:10:20.957 +05:30 [INF] Request finished HTTP/1.1 GET http://localhost:7070/api/assignment-audit - 200 53 application/json; charset=utf-8 92.0834ms
2026-08-10 11:10:20.959 +05:30 [INF] Request finished HTTP/1.1 GET http://localhost:7070/api/rejectionreasons - 200 53 application/json; charset=utf-8 91.01ms
2026-08-10 11:10:20.961 +05:30 [INF] Request finished HTTP/1.1 GET http://localhost:7070/api/emailtemplates - 200 53 application/json; charset=utf-8 90.6174ms
2026-08-10 11:10:20.963 +05:30 [INF] Request finished HTTP/1.1 GET http://localhost:7070/api/productoffermatrix - 200 53 application/json; charset=utf-8 89.7187ms
2026-08-10 11:10:20.966 +05:30 [INF] Request starting HTTP/1.1 GET http://localhost:7070/api/notifications - application/json null
2026-08-10 11:10:20.969 +05:30 [INF] Request starting HTTP/1.1 GET http://localhost:7070/api/reports/performance - application/json null
2026-08-10 11:10:20.972 +05:30 [INF] Request starting HTTP/1.1 GET http://localhost:7070/api/reports/pipeline - application/json null
2026-08-10 11:10:20.975 +05:30 [INF] Request starting HTTP/1.1 GET http://localhost:7070/api/reports/disbursement - application/json null
2026-08-10 11:10:20.984 +05:30 [INF] Executing endpoint 'LoanMS.API.Controllers.NotificationsController.GetNotifications (LoanMS.API)'
2026-08-10 11:10:20.986 +05:30 [INF] Executing endpoint 'LoanMS.API.Controllers.ReportsController.Performance (LoanMS.API)'
2026-08-10 11:10:20.989 +05:30 [INF] Executing endpoint 'LoanMS.API.Controllers.ReportsController.Pipeline (LoanMS.API)'
2026-08-10 11:10:20.993 +05:30 [INF] Executing endpoint 'LoanMS.API.Controllers.ReportsController.Disbursement (LoanMS.API)'
2026-08-10 11:10:20.994 +05:30 [INF] Route matched with {action = "GetNotifications", controller = "Notifications"}. Executing controller action with signature System.Threading.Tasks.Task`1[Microsoft.AspNetCore.Mvc.IActionResult] GetNotifications(Boolean) on controller LoanMS.API.Controllers.NotificationsController (LoanMS.API).
2026-08-10 11:10:20.999 +05:30 [INF] Route matched with {action = "Performance", controller = "Reports"}. Executing controller action with signature System.Threading.Tasks.Task`1[Microsoft.AspNetCore.Mvc.IActionResult] Performance(System.Nullable`1[System.DateTime], System.Nullable`1[System.DateTime]) on controller LoanMS.API.Controllers.ReportsController (LoanMS.API).
2026-08-10 11:10:21.000 +05:30 [INF] Route matched with {action = "Pipeline", controller = "Reports"}. Executing controller action with signature System.Threading.Tasks.Task`1[Microsoft.AspNetCore.Mvc.IActionResult] Pipeline(System.Nullable`1[System.DateTime], System.Nullable`1[System.DateTime]) on controller LoanMS.API.Controllers.ReportsController (LoanMS.API).
2026-08-10 11:10:21.002 +05:30 [INF] Route matched with {action = "Disbursement", controller = "Reports"}. Executing controller action with signature System.Threading.Tasks.Task`1[Microsoft.AspNetCore.Mvc.IActionResult] Disbursement(System.Nullable`1[System.DateTime], System.Nullable`1[System.DateTime]) on controller LoanMS.API.Controllers.ReportsController (LoanMS.API).
2026-08-10 11:10:21.005 +05:30 [INF] Executed DbCommand (0ms) [Parameters=[@role='?', @userId='?' (DbType = Int32), @p='?' (DbType = Int32)], CommandType='"Text"', CommandTimeout='30']
SELECT "a"."Id", "a"."Type", "a"."Icon", "a"."Message", "a"."ClaimId", "a"."Partner", "a"."Amount", "a"."TargetUserId", "a"."IsRead", "a"."CreatedAt"
FROM "AppNotifications" AS "a"
WHERE NOT ("a"."IsDeleted") AND (("a"."TargetRole" IS NULL AND "a"."TargetUserId" IS NULL) OR "a"."TargetRole" = @role OR "a"."TargetUserId" = @userId)
ORDER BY "a"."CreatedAt" DESC
LIMIT @p
2026-08-10 11:10:21.008 +05:30 [INF] Executed DbCommand (0ms) [Parameters=[], CommandType='"Text"', CommandTimeout='30']
SELECT "u0"."FullName" AS "SalesPerson", COUNT(*) AS "TotalApps", COUNT(CASE
    WHEN "l"."Status" = 'Disbursed' THEN 1
END) AS "Disbursed", COUNT(CASE
    WHEN "l"."Status" = 'Rejected' THEN 1
END) AS "Rejected", COALESCE(ef_sum("l"."RequestedAmount"), '0.0') AS "TotalAmount", COALESCE(ef_sum(CASE
    WHEN "l"."ApprovedAmount" IS NOT NULL THEN "l"."ApprovedAmount"
END), '0.0') AS "DisbursedAmount"
FROM "Loans" AS "l"
INNER JOIN (
    SELECT "u"."Id", "u"."FullName"
    FROM "Users" AS "u"
    WHERE NOT ("u"."IsDeleted")
) AS "u0" ON "l"."CreatedByUserId" = "u0"."Id"
WHERE NOT ("l"."IsDeleted")
GROUP BY "u0"."FullName"
2026-08-10 11:10:21.010 +05:30 [INF] Executed DbCommand (0ms) [Parameters=[], CommandType='"Text"', CommandTimeout='30']
SELECT CAST("l"."Status" AS TEXT) AS "Status", COUNT(*) AS "Count", COALESCE(ef_sum("l"."RequestedAmount"), '0.0') AS "Total"
FROM "Loans" AS "l"
WHERE NOT ("l"."IsDeleted")
GROUP BY "l"."Status"
2026-08-10 11:10:21.013 +05:30 [INF] Executed DbCommand (0ms) [Parameters=[], CommandType='"Text"', CommandTimeout='30']
SELECT "l"."LoanNumber", "c0"."FullName" AS "CustomerName", "l"."LoanType", "l"."ApprovedAmount", "l"."InterestRate", "l"."TenureMonths", "u0"."FullName" AS "SalesPerson", "l"."DisbursedAt"
FROM "Loans" AS "l"
INNER JOIN (
    SELECT "c"."Id", "c"."FullName"
    FROM "Customers" AS "c"
    WHERE NOT ("c"."IsDeleted")
) AS "c0" ON "l"."CustomerId" = "c0"."Id"
INNER JOIN (
    SELECT "u"."Id", "u"."FullName"
    FROM "Users" AS "u"
    WHERE NOT ("u"."IsDeleted")
) AS "u0" ON "l"."CreatedByUserId" = "u0"."Id"
WHERE NOT ("l"."IsDeleted") AND "l"."Status" = 'Disbursed'
2026-08-10 11:10:21.015 +05:30 [INF] Executing OkObjectResult, writing value of type 'LoanMS.Application.DTOs.ApiResponseDto`1[[System.Object, System.Private.CoreLib, Version=10.0.0.0, Culture=neutral, PublicKeyToken=7cec85d7bea7798e]]'.
2026-08-10 11:10:21.018 +05:30 [INF] Executing OkObjectResult, writing value of type 'LoanMS.Application.DTOs.ApiResponseDto`1[[System.Object, System.Private.CoreLib, Version=10.0.0.0, Culture=neutral, PublicKeyToken=7cec85d7bea7798e]]'.
2026-08-10 11:10:21.020 +05:30 [INF] Executing OkObjectResult, writing value of type 'LoanMS.Application.DTOs.ApiResponseDto`1[[System.Object, System.Private.CoreLib, Version=10.0.0.0, Culture=neutral, PublicKeyToken=7cec85d7bea7798e]]'.
2026-08-10 11:10:21.022 +05:30 [INF] Executing OkObjectResult, writing value of type 'LoanMS.Application.DTOs.ApiResponseDto`1[[System.Object, System.Private.CoreLib, Version=10.0.0.0, Culture=neutral, PublicKeyToken=7cec85d7bea7798e]]'.
2026-08-10 11:10:21.024 +05:30 [INF] Executed action LoanMS.API.Controllers.NotificationsController.GetNotifications (LoanMS.API) in 19.929ms
2026-08-10 11:10:21.025 +05:30 [INF] Executed action LoanMS.API.Controllers.ReportsController.Performance (LoanMS.API) in 18.2837ms
2026-08-10 11:10:21.027 +05:30 [INF] Executed action LoanMS.API.Controllers.ReportsController.Pipeline (LoanMS.API) in 18.1007ms
2026-08-10 11:10:21.029 +05:30 [INF] Executed action LoanMS.API.Controllers.ReportsController.Disbursement (LoanMS.API) in 17.3956ms
2026-08-10 11:10:21.031 +05:30 [INF] Executed endpoint 'LoanMS.API.Controllers.NotificationsController.GetNotifications (LoanMS.API)'
2026-08-10 11:10:21.032 +05:30 [INF] Executed endpoint 'LoanMS.API.Controllers.ReportsController.Performance (LoanMS.API)'
2026-08-10 11:10:21.033 +05:30 [INF] Executed endpoint 'LoanMS.API.Controllers.ReportsController.Pipeline (LoanMS.API)'
2026-08-10 11:10:21.034 +05:30 [INF] Executed endpoint 'LoanMS.API.Controllers.ReportsController.Disbursement (LoanMS.API)'
2026-08-10 11:10:21.035 +05:30 [INF] HTTP GET /api/notifications → 200 in 51.8ms
2026-08-10 11:10:21.036 +05:30 [INF] HTTP GET /api/reports/performance → 200 in 50.4ms
2026-08-10 11:10:21.037 +05:30 [INF] HTTP GET /api/reports/pipeline → 200 in 48.8ms
2026-08-10 11:10:21.038 +05:30 [INF] HTTP GET /api/reports/disbursement → 200 in 45.7ms
2026-08-10 11:10:21.040 +05:30 [INF] Request finished HTTP/1.1 GET http://localhost:7070/api/notifications - 200 53 application/json; charset=utf-8 73.6658ms
2026-08-10 11:10:21.042 +05:30 [INF] Request finished HTTP/1.1 GET http://localhost:7070/api/reports/performance - 200 53 application/json; charset=utf-8 72.7374ms
2026-08-10 11:10:21.044 +05:30 [INF] Request finished HTTP/1.1 GET http://localhost:7070/api/reports/pipeline - 200 53 application/json; charset=utf-8 72.2891ms
2026-08-10 11:10:21.046 +05:30 [INF] Request finished HTTP/1.1 GET http://localhost:7070/api/reports/disbursement - 200 53 application/json; charset=utf-8 71.0317ms
